log_id,timestamp,actor_id,actor_type,action,module,ip_address,result
LOG-2026-9855204E,2026-04-15T02:57:24,CIT-000437,Citizen,DOCUMENT_DOWNLOADED,digital-documents,198.51.100.144,Success
LOG-2026-C8C10A8C,2026-02-14T13:49:53,CIT-000208,Citizen,LOGOUT,business-registration,198.51.100.46,Success
LOG-2026-C291F589,2026-05-15T02:28:38,CIT-000105,Citizen,RECORD_CREATED,appointments,203.0.113.71,Failure
LOG-2026-0F99598F,2026-02-20T15:57:25,CIT-000485,Citizen,RECORD_UPDATED,business-registration,192.0.2.24,Success
LOG-2026-5A057D14,2026-02-19T09:22:33,CIT-000151,Citizen,RECORD_CREATED,citizen-identity,198.51.100.20,Success
LOG-2026-569C709C,2026-07-04T02:35:45,CIT-000054,Department Staff,RECORD_CREATED,digital-documents,203.0.113.121,Success
LOG-2026-D3A1F08C,2026-03-20T21:19:23,CIT-000513,Citizen,LOGOUT,digital-documents,198.51.100.181,Success
LOG-2026-F4075806,2026-04-19T11:32:58,CIT-000320,Citizen,DOCUMENT_UPLOADED,appointments,192.0.2.245,Success
LOG-2026-6550DA0C,2026-06-05T04:33:34,CIT-000285,Citizen,RECORD_CREATED,digital-documents,203.0.113.202,Success
LOG-2026-0F01CE0E,2026-06-04T11:30:14,CIT-000124,Citizen,DOCUMENT_UPLOADED,business-registration,192.0.2.222,Success
LOG-2026-EB35FBD4,2026-04-30T18:01:56,CIT-000478,Department Staff,PERMISSION_DENIED,business-registration,203.0.113.144,Success
LOG-2026-913FE11B,2026-05-11T17:00:31,CIT-000196,Citizen,PAYMENT_INITIATED,case-management,192.0.2.51,Success
LOG-2026-2B480AA9,2026-04-16T22:12:29,CIT-000200,Citizen,LOGIN,payments,198.51.100.129,Success
LOG-2026-3E0AEE4D,2026-04-03T03:53:24,CIT-000280,Citizen,LOGIN,digital-documents,192.0.2.179,Success
LOG-2026-54F68350,2026-01-08T14:33:05,CIT-000281,System,PERMISSION_DENIED,citizen-identity,203.0.113.238,Success
LOG-2026-6255EE9A,2026-02-22T20:49:12,CIT-000466,Citizen,PAYMENT_CONFIRMED,case-management,203.0.113.207,Success
LOG-2026-E995067E,2026-02-14T21:00:28,CIT-000379,Department Staff,LOGIN,business-registration,192.0.2.22,Success
LOG-2026-2127C968,2026-06-07T13:44:23,CIT-000123,Citizen,LOGIN,citizen-identity,198.51.100.25,Success
LOG-2026-E271D367,2025-12-23T20:34:27,CIT-000285,Citizen,RECORD_UPDATED,case-management,198.51.100.230,Success
LOG-2026-5B7D2255,2025-12-22T21:14:32,CIT-000376,Department Staff,DOCUMENT_UPLOADED,digital-documents,198.51.100.215,Success
LOG-2026-F1D0D276,2026-03-02T07:29:15,CIT-000063,Department Staff,LOGOUT,appointments,192.0.2.187,Success
LOG-2026-BC600F73,2026-01-03T16:00:21,CIT-000177,Citizen,PAYMENT_CONFIRMED,business-registration,203.0.113.130,Success
LOG-2026-612F9474,2026-04-02T16:48:52,CIT-000004,Citizen,RECORD_VIEWED,citizen-identity,198.51.100.120,Success
LOG-2026-43D50484,2026-06-15T04:40:48,CIT-000089,Citizen,DOCUMENT_DOWNLOADED,citizen-identity,192.0.2.187,Success
LOG-2026-E5C98715,2025-12-25T04:34:17,CIT-000326,Department Staff,DOCUMENT_DOWNLOADED,citizen-identity,192.0.2.164,Success
LOG-2026-F905448F,2026-04-15T21:53:46,CIT-000084,Department Staff,RECORD_UPDATED,case-management,192.0.2.192,Success
LOG-2026-A4E66C12,2026-01-07T02:16:41,CIT-000136,Citizen,RECORD_VIEWED,payments,192.0.2.72,Success
LOG-2026-A9BF0A3E,2026-03-15T03:15:38,CIT-000324,Department Staff,PAYMENT_INITIATED,payments,192.0.2.46,Failure
LOG-2026-62FAFDD8,2026-03-30T02:53:48,CIT-000266,Citizen,PAYMENT_CONFIRMED,payments,203.0.113.94,Success
LOG-2026-886628C7,2026-02-21T14:05:45,CIT-000461,Citizen,PERMISSION_DENIED,appointments,198.51.100.40,Success
LOG-2026-DCE67F35,2026-05-01T02:42:00,CIT-000216,Citizen,PAYMENT_INITIATED,case-management,198.51.100.54,Success
LOG-2026-59C28F81,2026-03-31T19:57:14,CIT-000516,Citizen,DOCUMENT_UPLOADED,business-registration,198.51.100.56,Success
LOG-2026-66432BAA,2026-02-27T18:46:08,CIT-000033,Citizen,LOGOUT,digital-documents,203.0.113.83,Success
LOG-2026-6ED219A7,2025-12-30T12:39:36,CIT-000387,Citizen,PERMISSION_DENIED,citizen-identity,203.0.113.92,Success
LOG-2026-D6E1C2C7,2026-05-30T00:57:44,CIT-000009,Citizen,RECORD_CREATED,payments,203.0.113.232,Success
LOG-2026-89EF4CB3,2026-02-18T14:03:23,CIT-000367,Citizen,RECORD_VIEWED,business-registration,192.0.2.113,Success
LOG-2026-BED353DA,2026-06-04T07:21:26,CIT-000468,Department Staff,DOCUMENT_DOWNLOADED,digital-documents,192.0.2.65,Success
LOG-2026-06E4F3B2,2026-05-22T04:10:30,CIT-000346,Citizen,PAYMENT_CONFIRMED,business-registration,203.0.113.28,Success
LOG-2026-DF4F6F68,2026-05-22T00:25:08,CIT-000276,Citizen,DOCUMENT_DOWNLOADED,business-registration,203.0.113.43,Success
LOG-2026-0164BF54,2026-02-09T13:51:00,CIT-000204,Citizen,DOCUMENT_DOWNLOADED,payments,192.0.2.249,Success
LOG-2026-C5C44798,2026-06-13T12:40:37,CIT-000145,Citizen,PERMIT_STATUS_CHANGED,digital-documents,192.0.2.169,Success
LOG-2026-9C269248,2026-04-15T19:30:51,CIT-000177,Citizen,RECORD_VIEWED,business-registration,192.0.2.112,Success
LOG-2026-FB4C350A,2026-05-11T17:29:34,CIT-000251,Citizen,RECORD_CREATED,business-registration,198.51.100.26,Success
LOG-2026-D3496A0F,2026-06-18T19:22:03,CIT-000404,Citizen,RECORD_UPDATED,digital-documents,203.0.113.63,Success
LOG-2026-91F18506,2026-02-05T06:53:10,CIT-000099,Citizen,PAYMENT_INITIATED,business-registration,198.51.100.198,Success
LOG-2026-8FE4E92F,2026-05-31T06:38:44,CIT-000290,Citizen,PERMISSION_DENIED,appointments,192.0.2.89,Success
LOG-2026-838D451B,2026-02-24T13:43:44,CIT-000028,Department Staff,RECORD_UPDATED,payments,198.51.100.88,Success
LOG-2026-E59BB59F,2026-05-21T00:28:15,CIT-000002,Department Staff,DOCUMENT_DOWNLOADED,case-management,192.0.2.36,Success
LOG-2026-2A3BBBBD,2026-04-13T15:25:21,CIT-000046,Citizen,RECORD_UPDATED,payments,198.51.100.168,Success
LOG-2026-CE416B15,2026-04-17T04:44:43,CIT-000155,Citizen,RECORD_VIEWED,digital-documents,192.0.2.67,Failure
LOG-2026-E46330F0,2026-02-18T21:29:14,CIT-000432,Citizen,RECORD_CREATED,appointments,192.0.2.120,Success
LOG-2026-01CEF16A,2026-01-25T18:19:16,CIT-000355,Citizen,PERMISSION_DENIED,digital-documents,192.0.2.42,Success
LOG-2026-4CB192A4,2026-06-11T23:11:40,CIT-000520,Citizen,PAYMENT_INITIATED,case-management,203.0.113.103,Success
LOG-2026-368D8D2B,2026-05-31T10:16:08,CIT-000056,Citizen,RECORD_VIEWED,case-management,192.0.2.155,Success
LOG-2026-A2EECE23,2026-05-11T04:08:27,CIT-000462,Department Staff,DOCUMENT_UPLOADED,case-management,198.51.100.217,Success
LOG-2026-ED4EB2F6,2026-02-24T20:03:45,CIT-000374,System,LOGOUT,appointments,198.51.100.223,Success
LOG-2026-79BCD6E1,2026-04-27T07:18:11,CIT-000154,Department Staff,LOGIN,case-management,203.0.113.67,Success
LOG-2026-1EE16D2C,2026-01-05T05:36:58,CIT-000466,Citizen,PAYMENT_INITIATED,citizen-identity,192.0.2.223,Success
LOG-2026-F6B09449,2026-05-09T19:14:57,CIT-000376,Citizen,LOGIN,payments,203.0.113.76,Success
LOG-2026-1C51005B,2026-03-31T03:58:22,CIT-000025,Citizen,DOCUMENT_UPLOADED,payments,198.51.100.5,Success
LOG-2026-D3CA2840,2025-12-31T05:06:49,CIT-000305,Citizen,PERMISSION_DENIED,payments,203.0.113.10,Success
LOG-2026-7485BC9D,2026-02-23T10:27:11,CIT-000406,Citizen,RECORD_UPDATED,citizen-identity,192.0.2.187,Success
LOG-2026-8F237DB3,2026-04-03T01:30:42,CIT-000506,Citizen,PAYMENT_INITIATED,digital-documents,203.0.113.159,Success
LOG-2026-4814EB92,2026-01-16T02:31:32,CIT-000470,Citizen,LOGIN,citizen-identity,192.0.2.156,Failure
LOG-2026-952E85AA,2026-07-04T11:14:10,CIT-000104,System,PAYMENT_INITIATED,citizen-identity,198.51.100.238,Success
LOG-2026-0944396F,2026-05-22T00:19:15,CIT-000310,Citizen,PAYMENT_INITIATED,case-management,198.51.100.185,Success
LOG-2026-7330269A,2026-01-31T14:19:15,CIT-000082,Department Staff,PAYMENT_INITIATED,appointments,198.51.100.78,Success
LOG-2026-366AB29A,2026-05-11T17:17:35,CIT-000250,Citizen,LOGIN,business-registration,198.51.100.71,Success
LOG-2026-29C0AF56,2026-06-30T04:03:50,CIT-000191,Citizen,RECORD_VIEWED,appointments,198.51.100.233,Success
LOG-2026-12CC5633,2025-12-19T08:14:11,CIT-000292,Citizen,RECORD_VIEWED,citizen-identity,198.51.100.169,Success
LOG-2026-C31A271F,2026-04-19T22:37:03,CIT-000274,Citizen,PAYMENT_CONFIRMED,business-registration,192.0.2.182,Success
LOG-2026-F5DAB45E,2026-04-08T03:56:22,CIT-000066,Department Staff,DOCUMENT_DOWNLOADED,appointments,198.51.100.151,Success
LOG-2026-6AD8911E,2026-05-17T11:16:05,CIT-000337,Citizen,DOCUMENT_UPLOADED,appointments,192.0.2.88,Success
LOG-2026-D82E50CE,2026-02-14T07:50:11,CIT-000355,Citizen,PAYMENT_CONFIRMED,case-management,198.51.100.54,Success
LOG-2026-8840E09E,2026-05-17T20:47:29,CIT-000175,Citizen,PERMISSION_DENIED,citizen-identity,203.0.113.219,Success
LOG-2026-B9898247,2026-06-24T08:01:29,CIT-000081,Citizen,PERMISSION_DENIED,payments,192.0.2.54,Success
LOG-2026-191939EE,2026-04-09T17:08:42,CIT-000379,Department Staff,RECORD_VIEWED,digital-documents,203.0.113.120,Success
LOG-2026-FFD6BDBE,2026-05-02T22:33:09,CIT-000171,Citizen,DOCUMENT_DOWNLOADED,digital-documents,192.0.2.193,Failure
LOG-2026-67EECA5B,2026-05-12T03:03:38,CIT-000503,Department Staff,RECORD_UPDATED,business-registration,198.51.100.156,Success
LOG-2026-1EC73DA9,2026-05-20T01:48:42,CIT-000127,Citizen,LOGOUT,citizen-identity,203.0.113.75,Success
LOG-2026-D1C9446E,2026-05-25T00:48:14,CIT-000163,Citizen,PAYMENT_INITIATED,business-registration,198.51.100.231,Success
LOG-2026-191C418F,2026-01-27T09:46:55,CIT-000328,Citizen,PERMIT_STATUS_CHANGED,case-management,203.0.113.196,Success
LOG-2026-E48824A0,2026-05-18T16:28:40,CIT-000515,Citizen,DOCUMENT_UPLOADED,digital-documents,198.51.100.194,Success
LOG-2026-934339C8,2026-02-24T08:45:26,CIT-000461,Citizen,RECORD_CREATED,citizen-identity,203.0.113.213,Success
LOG-2026-78F9EB8C,2026-02-22T06:50:10,CIT-000476,Citizen,PERMISSION_DENIED,citizen-identity,198.51.100.149,Success
LOG-2026-1CECE467,2026-02-28T17:35:57,CIT-000429,Citizen,PAYMENT_INITIATED,appointments,192.0.2.36,Success
LOG-2026-EE2CF5AA,2026-05-25T03:13:07,CIT-000516,Department Staff,LOGOUT,payments,203.0.113.64,Success
LOG-2026-25FF77AF,2026-01-21T17:01:33,CIT-000484,System,PERMISSION_DENIED,citizen-identity,203.0.113.154,Success
LOG-2026-65C743AC,2026-07-03T23:08:56,CIT-000399,Department Staff,DOCUMENT_UPLOADED,business-registration,198.51.100.95,Success
LOG-2026-6B29EF82,2026-06-18T18:05:24,CIT-000246,Department Staff,RECORD_CREATED,business-registration,198.51.100.34,Success
LOG-2026-207FB22F,2026-06-14T11:39:45,CIT-000032,Citizen,RECORD_UPDATED,case-management,203.0.113.114,Failure
LOG-2026-36903E68,2026-06-29T15:29:54,CIT-000182,Citizen,PAYMENT_CONFIRMED,appointments,198.51.100.224,Success
LOG-2026-244B5956,2026-06-14T21:17:14,CIT-000164,Department Staff,RECORD_UPDATED,citizen-identity,192.0.2.192,Success
LOG-2026-1F845CA5,2026-06-17T23:49:29,CIT-000417,Department Staff,DOCUMENT_UPLOADED,citizen-identity,198.51.100.246,Success
LOG-2026-4DA3330E,2025-12-26T14:14:41,CIT-000124,Citizen,DOCUMENT_DOWNLOADED,case-management,192.0.2.75,Success
LOG-2026-BE9FE41E,2026-05-21T12:06:33,CIT-000041,Department Staff,PERMIT_STATUS_CHANGED,appointments,203.0.113.167,Success
LOG-2026-62723687,2026-02-12T01:49:27,CIT-000128,Department Staff,LOGOUT,appointments,192.0.2.185,Success
LOG-2026-3CF103B7,2026-04-28T08:38:43,CIT-000423,Citizen,PERMISSION_DENIED,business-registration,198.51.100.54,Success
LOG-2026-D68FFA6F,2026-01-15T03:32:07,CIT-000338,Citizen,PERMISSION_DENIED,case-management,198.51.100.193,Success
LOG-2026-E9DD91EE,2026-04-11T01:28:43,CIT-000267,Citizen,PERMIT_STATUS_CHANGED,payments,198.51.100.180,Success
LOG-2026-B53660E6,2025-12-31T06:19:17,CIT-000282,Department Staff,DOCUMENT_DOWNLOADED,business-registration,203.0.113.74,Success
LOG-2026-3CA7E75A,2026-05-07T05:59:31,CIT-000380,Department Staff,DOCUMENT_DOWNLOADED,payments,203.0.113.41,Success
LOG-2026-00F77390,2026-06-06T04:58:17,CIT-000313,Citizen,PAYMENT_CONFIRMED,business-registration,203.0.113.207,Success
LOG-2026-3E9959E1,2026-04-09T21:53:49,CIT-000151,Department Staff,DOCUMENT_DOWNLOADED,payments,203.0.113.59,Success
LOG-2026-D4C97B7B,2026-04-14T00:55:01,CIT-000217,Citizen,DOCUMENT_DOWNLOADED,citizen-identity,198.51.100.94,Success
LOG-2026-5B5FF50C,2026-02-21T13:29:40,CIT-000416,System,PAYMENT_CONFIRMED,case-management,192.0.2.151,Success
LOG-2026-7B50D643,2026-05-11T18:28:09,CIT-000322,Citizen,DOCUMENT_UPLOADED,digital-documents,203.0.113.44,Success
LOG-2026-88F8E296,2026-06-23T08:20:58,CIT-000494,Department Staff,RECORD_CREATED,citizen-identity,203.0.113.243,Success
LOG-2026-8BDBBDD4,2026-03-07T13:13:02,CIT-000231,Citizen,RECORD_VIEWED,payments,203.0.113.200,Success
LOG-2026-D809F506,2026-03-03T20:47:29,CIT-000123,Citizen,PERMISSION_DENIED,digital-documents,203.0.113.234,Success
LOG-2026-965C0902,2026-03-16T01:43:55,CIT-000013,Department Staff,DOCUMENT_UPLOADED,payments,203.0.113.9,Success
LOG-2026-49C8C754,2026-07-02T10:37:18,CIT-000102,Citizen,PERMIT_STATUS_CHANGED,appointments,203.0.113.217,Success
LOG-2026-DC5F3CDF,2026-06-08T20:04:37,CIT-000082,Citizen,LOGIN,business-registration,192.0.2.66,Success
LOG-2026-02DB041D,2026-03-22T13:32:02,CIT-000188,Citizen,PERMISSION_DENIED,case-management,198.51.100.46,Success
LOG-2026-0DF62D69,2026-04-04T03:25:34,CIT-000273,Citizen,DOCUMENT_UPLOADED,business-registration,203.0.113.213,Success
LOG-2026-03B8E7A7,2026-04-13T23:05:34,CIT-000136,Citizen,DOCUMENT_UPLOADED,business-registration,192.0.2.150,Success
LOG-2026-25AF6021,2026-01-24T13:06:07,CIT-000489,Citizen,PAYMENT_CONFIRMED,citizen-identity,198.51.100.203,Success
LOG-2026-2F9BA474,2026-01-31T14:08:36,CIT-000202,Citizen,PAYMENT_CONFIRMED,digital-documents,192.0.2.26,Success
LOG-2026-EB8E5592,2026-06-24T14:28:34,CIT-000221,Citizen,DOCUMENT_DOWNLOADED,citizen-identity,203.0.113.111,Success
LOG-2026-04D4CDFD,2026-03-03T00:48:47,CIT-000115,Citizen,PAYMENT_CONFIRMED,case-management,203.0.113.194,Success
LOG-2026-D8E236F3,2026-05-24T12:14:46,CIT-000001,Citizen,RECORD_VIEWED,digital-documents,203.0.113.46,Success
LOG-2026-7DC54EA1,2026-04-06T13:57:07,CIT-000495,System,DOCUMENT_UPLOADED,payments,198.51.100.223,Success
LOG-2026-CD419B50,2026-06-30T18:02:15,CIT-000350,Citizen,RECORD_VIEWED,digital-documents,192.0.2.251,Success
LOG-2026-15ABAA4D,2025-12-19T21:54:09,CIT-000187,Citizen,PAYMENT_CONFIRMED,appointments,198.51.100.127,Success
LOG-2026-4B75F0F5,2026-04-14T16:37:01,CIT-000068,Citizen,PAYMENT_INITIATED,digital-documents,198.51.100.164,Success
LOG-2026-0C46632C,2026-01-28T14:25:25,CIT-000188,Department Staff,RECORD_UPDATED,business-registration,198.51.100.129,Success
LOG-2026-127EC76A,2026-04-12T21:55:56,CIT-000484,Department Staff,LOGOUT,business-registration,203.0.113.173,Success
LOG-2026-5E076988,2026-05-20T06:22:53,CIT-000161,Department Staff,RECORD_UPDATED,business-registration,203.0.113.170,Success
LOG-2026-4984E52D,2026-05-28T07:01:56,CIT-000486,Department Staff,PERMISSION_DENIED,payments,192.0.2.239,Success
LOG-2026-3E8B778A,2026-02-11T16:31:46,CIT-000311,Citizen,PERMIT_STATUS_CHANGED,case-management,198.51.100.213,Success
LOG-2026-54472FAB,2026-05-31T13:13:15,CIT-000461,Citizen,RECORD_VIEWED,digital-documents,192.0.2.196,Success
LOG-2026-CCB1211A,2026-05-03T17:03:34,CIT-000057,Citizen,PAYMENT_INITIATED,business-registration,198.51.100.197,Success
LOG-2026-76588D94,2026-03-26T18:35:29,CIT-000208,Citizen,RECORD_UPDATED,payments,192.0.2.83,Success
LOG-2026-1CE8F950,2026-03-04T20:11:09,CIT-000392,Department Staff,PERMIT_STATUS_CHANGED,appointments,203.0.113.113,Success
LOG-2026-EE65ED92,2026-03-21T19:21:57,CIT-000110,Citizen,LOGOUT,case-management,198.51.100.242,Success
LOG-2026-AB7E9327,2026-05-17T20:48:28,CIT-000482,Citizen,LOGIN,case-management,198.51.100.64,Success
LOG-2026-688929F5,2026-01-25T18:38:44,CIT-000385,Citizen,LOGIN,payments,198.51.100.138,Success
LOG-2026-582B1D94,2026-06-18T15:01:58,CIT-000292,Citizen,LOGOUT,case-management,192.0.2.84,Failure
LOG-2026-289F9C0E,2026-02-13T19:10:09,CIT-000424,Citizen,RECORD_CREATED,appointments,192.0.2.144,Success
LOG-2026-56DC57B2,2026-03-28T15:14:08,CIT-000252,Citizen,PERMIT_STATUS_CHANGED,payments,203.0.113.6,Success
LOG-2026-3EB039FA,2026-05-06T16:03:40,CIT-000070,Department Staff,PERMIT_STATUS_CHANGED,digital-documents,203.0.113.227,Success
LOG-2026-DF20520B,2026-03-15T19:18:35,CIT-000329,Citizen,PAYMENT_CONFIRMED,payments,192.0.2.174,Failure
LOG-2026-39896AC8,2025-12-26T08:49:18,CIT-000266,Citizen,RECORD_VIEWED,case-management,198.51.100.110,Success
LOG-2026-7FA27A20,2026-01-09T19:04:00,CIT-000499,Department Staff,LOGIN,appointments,198.51.100.5,Success
LOG-2026-79B0DD3E,2026-04-23T09:40:14,CIT-000033,Department Staff,DOCUMENT_UPLOADED,digital-documents,198.51.100.148,Success
LOG-2026-205062A9,2026-01-22T03:59:49,CIT-000069,System,LOGOUT,citizen-identity,203.0.113.41,Success
LOG-2026-64341585,2026-06-17T07:23:52,CIT-000090,Citizen,DOCUMENT_DOWNLOADED,business-registration,192.0.2.197,Success
LOG-2026-8BA24CF8,2026-06-10T15:28:18,CIT-000284,Department Staff,PAYMENT_CONFIRMED,case-management,192.0.2.167,Success
LOG-2026-94383B0E,2026-04-28T08:24:48,CIT-000187,Citizen,PERMISSION_DENIED,case-management,203.0.113.210,Success
LOG-2026-D566514B,2026-04-10T11:42:00,CIT-000022,Citizen,PAYMENT_INITIATED,digital-documents,192.0.2.3,Success
LOG-2026-EEBD0151,2026-03-27T21:50:29,CIT-000438,Department Staff,RECORD_CREATED,appointments,203.0.113.197,Success
LOG-2026-ABD43597,2026-03-05T04:22:57,CIT-000469,Department Staff,PERMISSION_DENIED,appointments,198.51.100.229,Success
LOG-2026-670C6E28,2026-02-12T23:15:44,CIT-000157,Citizen,RECORD_UPDATED,business-registration,192.0.2.7,Success
LOG-2026-434B969E,2026-05-01T17:35:43,CIT-000041,System,RECORD_CREATED,payments,198.51.100.238,Success
LOG-2026-543AD401,2026-04-14T00:39:53,CIT-000214,Citizen,RECORD_UPDATED,payments,192.0.2.240,Success
LOG-2026-298D6FE4,2026-02-08T16:59:57,CIT-000364,Department Staff,LOGIN,digital-documents,192.0.2.214,Success
LOG-2026-6ED3A45A,2026-03-08T09:18:15,CIT-000027,Citizen,PAYMENT_CONFIRMED,digital-documents,198.51.100.103,Success
LOG-2026-D98D85F8,2026-02-03T18:58:23,CIT-000390,Citizen,DOCUMENT_DOWNLOADED,business-registration,203.0.113.234,Success
LOG-2026-E07DFD52,2026-03-08T19:07:29,CIT-000125,Citizen,RECORD_CREATED,digital-documents,203.0.113.155,Success
LOG-2026-4F04E474,2026-03-01T13:13:49,CIT-000325,Citizen,PAYMENT_INITIATED,citizen-identity,203.0.113.93,Success
LOG-2026-19E9AD2D,2025-12-23T15:38:37,CIT-000115,Citizen,PAYMENT_CONFIRMED,digital-documents,198.51.100.247,Success
LOG-2026-2701DC49,2026-04-16T18:23:46,CIT-000364,Department Staff,PERMIT_STATUS_CHANGED,digital-documents,203.0.113.77,Success
LOG-2026-E0697C62,2026-05-17T17:17:45,CIT-000087,Department Staff,PERMISSION_DENIED,citizen-identity,198.51.100.187,Success
LOG-2026-4C14E3E7,2026-02-10T00:54:36,CIT-000332,Department Staff,LOGIN,business-registration,203.0.113.3,Success
LOG-2026-72AD87D0,2026-06-17T20:07:44,CIT-000160,Department Staff,RECORD_CREATED,citizen-identity,203.0.113.206,Success
LOG-2026-14DE03A2,2026-05-27T12:05:06,CIT-000301,Department Staff,PERMIT_STATUS_CHANGED,digital-documents,192.0.2.45,Success
LOG-2026-D257CE39,2026-02-25T21:55:43,CIT-000156,Citizen,PERMISSION_DENIED,citizen-identity,192.0.2.8,Success
LOG-2026-23DA4BA9,2026-05-11T07:29:07,CIT-000314,Department Staff,PAYMENT_INITIATED,payments,203.0.113.83,Success
LOG-2026-0F77BCA5,2025-12-28T10:46:02,CIT-000027,Department Staff,PERMIT_STATUS_CHANGED,citizen-identity,203.0.113.224,Success
LOG-2026-CFAD2779,2026-05-12T19:23:40,CIT-000418,Department Staff,LOGIN,case-management,203.0.113.44,Success
LOG-2026-E0895642,2026-03-13T20:52:07,CIT-000016,Citizen,PERMIT_STATUS_CHANGED,citizen-identity,192.0.2.248,Success
LOG-2026-9A62815B,2026-06-06T10:07:49,CIT-000426,Citizen,DOCUMENT_UPLOADED,appointments,203.0.113.1,Success
LOG-2026-A5DCECE8,2026-02-05T04:03:17,CIT-000481,Citizen,RECORD_VIEWED,appointments,198.51.100.245,Success
LOG-2026-64773322,2026-06-26T18:24:07,CIT-000099,Department Staff,PAYMENT_CONFIRMED,appointments,192.0.2.33,Success
LOG-2026-51EB469C,2026-03-14T23:27:09,CIT-000133,Citizen,RECORD_CREATED,case-management,192.0.2.184,Success
LOG-2026-3A1595F3,2026-03-15T05:42:43,CIT-000108,Citizen,RECORD_UPDATED,case-management,203.0.113.78,Success
LOG-2026-0BD7284C,2026-03-30T23:13:21,CIT-000474,Department Staff,PERMISSION_DENIED,business-registration,198.51.100.109,Success
LOG-2026-3C54EA5A,2025-12-30T16:09:36,CIT-000149,Department Staff,DOCUMENT_DOWNLOADED,digital-documents,203.0.113.13,Success
LOG-2026-E3556647,2026-02-10T21:35:21,CIT-000187,Citizen,LOGIN,business-registration,192.0.2.102,Success
LOG-2026-2430B7DD,2026-04-29T22:33:14,CIT-000493,Citizen,PAYMENT_CONFIRMED,appointments,198.51.100.116,Failure
LOG-2026-3ED96BD7,2026-03-29T10:40:26,CIT-000465,Citizen,DOCUMENT_DOWNLOADED,citizen-identity,203.0.113.72,Success
LOG-2026-B96C0387,2026-02-27T17:46:47,CIT-000346,Citizen,PERMIT_STATUS_CHANGED,digital-documents,203.0.113.117,Success
LOG-2026-48F734D2,2026-03-29T11:13:16,CIT-000351,Citizen,DOCUMENT_UPLOADED,payments,198.51.100.165,Success
LOG-2026-9D605703,2026-03-15T14:06:58,CIT-000130,System,LOGOUT,citizen-identity,192.0.2.141,Success
LOG-2026-9620D765,2026-04-15T14:53:16,CIT-000130,Citizen,PERMIT_STATUS_CHANGED,appointments,192.0.2.248,Success
LOG-2026-059D2CF7,2026-05-20T18:40:02,CIT-000517,Department Staff,RECORD_CREATED,appointments,192.0.2.37,Success
LOG-2026-9501E499,2026-03-04T12:57:43,CIT-000228,Department Staff,LOGIN,payments,203.0.113.154,Success
LOG-2026-662E543B,2026-05-07T05:21:27,CIT-000049,Citizen,DOCUMENT_UPLOADED,case-management,203.0.113.43,Success
LOG-2026-C6827F63,2026-02-19T16:59:31,CIT-000103,Citizen,PERMISSION_DENIED,appointments,192.0.2.216,Success
LOG-2026-57491134,2026-05-31T01:16:13,CIT-000156,Department Staff,DOCUMENT_UPLOADED,payments,192.0.2.246,Failure
LOG-2026-CECD20CE,2026-05-17T18:05:57,CIT-000411,Department Staff,RECORD_VIEWED,digital-documents,198.51.100.120,Success
LOG-2026-9B83B9FC,2026-01-15T11:00:02,CIT-000308,Citizen,LOGIN,appointments,203.0.113.80,Success
LOG-2026-438B1D16,2026-05-25T18:08:03,CIT-000069,Citizen,LOGIN,digital-documents,192.0.2.196,Failure
LOG-2026-11536B02,2026-02-17T07:16:25,CIT-000249,Citizen,PAYMENT_INITIATED,digital-documents,203.0.113.50,Success
LOG-2026-E7A804E5,2026-03-15T06:28:23,CIT-000359,System,LOGOUT,payments,192.0.2.229,Success
LOG-2026-BC8C9758,2026-06-07T13:46:15,CIT-000156,Citizen,RECORD_UPDATED,payments,198.51.100.3,Success
LOG-2026-9203C595,2026-01-26T05:34:20,CIT-000319,Department Staff,DOCUMENT_UPLOADED,appointments,198.51.100.60,Success
LOG-2026-87EFB935,2026-06-11T20:10:07,CIT-000306,Citizen,LOGOUT,case-management,198.51.100.225,Success
LOG-2026-D9AAA699,2026-03-26T14:08:45,CIT-000042,Citizen,PAYMENT_INITIATED,digital-documents,198.51.100.150,Success
LOG-2026-92581860,2026-03-14T14:53:32,CIT-000499,Citizen,RECORD_VIEWED,citizen-identity,203.0.113.155,Failure
LOG-2026-D659CE0F,2026-06-27T10:31:39,CIT-000372,Department Staff,RECORD_UPDATED,digital-documents,198.51.100.15,Success
LOG-2026-6D16B035,2026-03-25T02:53:56,CIT-000287,Citizen,RECORD_VIEWED,payments,198.51.100.171,Success
LOG-2026-7BC27F0C,2025-12-22T09:38:14,CIT-000366,Citizen,LOGOUT,digital-documents,192.0.2.150,Success
LOG-2026-18A1A669,2026-03-30T14:09:56,CIT-000445,Citizen,PERMISSION_DENIED,case-management,198.51.100.144,Success
LOG-2026-E36DC278,2026-05-14T23:07:43,CIT-000385,Citizen,DOCUMENT_DOWNLOADED,citizen-identity,203.0.113.215,Success
LOG-2026-7E715781,2026-01-23T05:48:56,CIT-000101,Citizen,DOCUMENT_DOWNLOADED,business-registration,198.51.100.149,Success
LOG-2026-D502994C,2026-01-01T20:43:30,CIT-000432,Citizen,PAYMENT_INITIATED,digital-documents,198.51.100.147,Success
LOG-2026-572FC5BA,2026-06-03T01:48:00,CIT-000039,Citizen,PAYMENT_INITIATED,citizen-identity,192.0.2.146,Success
LOG-2026-64B778D9,2026-04-09T21:22:29,CIT-000337,Department Staff,LOGOUT,citizen-identity,203.0.113.117,Success
LOG-2026-0806E26D,2026-04-29T23:55:59,CIT-000260,Citizen,PERMIT_STATUS_CHANGED,business-registration,198.51.100.115,Success
LOG-2026-99913974,2026-03-29T14:06:49,CIT-000333,Department Staff,PAYMENT_CONFIRMED,business-registration,192.0.2.143,Success
LOG-2026-68F4D4A7,2026-05-01T17:46:38,CIT-000330,Department Staff,PAYMENT_INITIATED,business-registration,198.51.100.220,Success
LOG-2026-C1A07ACB,2026-03-15T18:16:19,CIT-000361,Citizen,DOCUMENT_DOWNLOADED,payments,192.0.2.235,Success
LOG-2026-77375E48,2026-06-28T11:19:44,CIT-000416,Citizen,PERMIT_STATUS_CHANGED,digital-documents,192.0.2.68,Success
LOG-2026-6F0E1266,2026-04-27T06:14:11,CIT-000498,Department Staff,PERMIT_STATUS_CHANGED,payments,192.0.2.246,Success
LOG-2026-66CA9BC5,2026-03-01T02:07:33,CIT-000017,Citizen,LOGOUT,appointments,203.0.113.165,Success
LOG-2026-D1059A4C,2026-01-15T20:55:33,CIT-000183,Citizen,PAYMENT_INITIATED,citizen-identity,203.0.113.154,Success
LOG-2026-6A0E54C0,2026-02-11T23:47:22,CIT-000415,Department Staff,RECORD_VIEWED,appointments,198.51.100.102,Success
LOG-2026-51E70C06,2026-04-10T12:37:04,CIT-000395,Citizen,LOGOUT,citizen-identity,198.51.100.58,Success
LOG-2026-74C42880,2026-02-15T13:58:19,CIT-000042,Citizen,RECORD_UPDATED,payments,192.0.2.127,Success
LOG-2026-6C2A7F13,2026-03-15T02:04:12,CIT-000225,Citizen,RECORD_UPDATED,business-registration,192.0.2.4,Success
LOG-2026-448AB9A9,2026-06-23T01:35:26,CIT-000022,Department Staff,DOCUMENT_DOWNLOADED,digital-documents,203.0.113.142,Failure
LOG-2026-F8112E8A,2026-02-27T15:20:37,CIT-000197,Department Staff,PAYMENT_INITIATED,appointments,198.51.100.161,Success
LOG-2026-7B54E8E8,2026-05-07T17:35:36,CIT-000397,Department Staff,RECORD_VIEWED,payments,198.51.100.95,Success
LOG-2026-02C60DD2,2026-05-05T01:19:47,CIT-000241,Citizen,PERMIT_STATUS_CHANGED,case-management,192.0.2.83,Success
LOG-2026-F5B37F33,2026-02-05T09:19:51,CIT-000253,Citizen,DOCUMENT_UPLOADED,appointments,203.0.113.122,Success
LOG-2026-3A82CF75,2026-03-15T20:38:05,CIT-000108,Department Staff,DOCUMENT_DOWNLOADED,case-management,203.0.113.166,Failure
LOG-2026-CAEAF481,2026-03-31T21:39:45,CIT-000230,Citizen,PAYMENT_CONFIRMED,citizen-identity,198.51.100.159,Success
LOG-2026-439B0C1E,2026-02-21T22:10:22,CIT-000447,Citizen,LOGOUT,digital-documents,203.0.113.167,Success
LOG-2026-6EBDA65A,2026-02-12T19:29:59,CIT-000356,Citizen,PAYMENT_CONFIRMED,payments,192.0.2.245,Success
LOG-2026-9FA80CAC,2026-06-25T23:50:10,CIT-000259,Citizen,LOGIN,business-registration,198.51.100.56,Success
LOG-2026-3183F7FE,2026-04-14T16:48:15,CIT-000318,Citizen,DOCUMENT_UPLOADED,appointments,203.0.113.243,Success
LOG-2026-26205D21,2026-01-06T22:52:55,CIT-000323,Department Staff,LOGIN,payments,203.0.113.31,Success
LOG-2026-6CCAC717,2026-01-11T02:13:12,CIT-000073,Citizen,DOCUMENT_DOWNLOADED,case-management,192.0.2.188,Success
LOG-2026-7E6580E7,2025-12-28T20:00:04,CIT-000184,Citizen,RECORD_CREATED,digital-documents,203.0.113.31,Success
LOG-2026-FB7FE254,2026-05-16T20:27:48,CIT-000097,Department Staff,PAYMENT_INITIATED,digital-documents,203.0.113.122,Success
LOG-2026-5BBD0EAC,2026-01-23T14:40:04,CIT-000352,Citizen,RECORD_CREATED,business-registration,203.0.113.111,Success
LOG-2026-A176A53B,2026-02-27T01:26:26,CIT-000512,Citizen,LOGOUT,business-registration,192.0.2.90,Failure
LOG-2026-6F96D8A1,2026-06-10T19:33:45,CIT-000084,Department Staff,PERMIT_STATUS_CHANGED,appointments,198.51.100.6,Success
LOG-2026-8A604EA5,2026-01-09T08:26:23,CIT-000063,Citizen,DOCUMENT_UPLOADED,citizen-identity,192.0.2.1,Failure
LOG-2026-14E8759F,2026-04-23T07:42:36,CIT-000013,Citizen,LOGIN,citizen-identity,203.0.113.145,Success
LOG-2026-17A333E0,2026-02-28T13:56:15,CIT-000072,Citizen,RECORD_CREATED,digital-documents,192.0.2.138,Success
LOG-2026-712CBF06,2026-02-15T10:47:49,CIT-000354,Citizen,LOGOUT,appointments,192.0.2.229,Success
LOG-2026-48452714,2026-02-13T04:32:14,CIT-000182,Department Staff,DOCUMENT_UPLOADED,digital-documents,192.0.2.160,Success
LOG-2026-04F1B84C,2026-04-09T13:29:25,CIT-000124,Citizen,RECORD_VIEWED,case-management,192.0.2.152,Success
LOG-2026-87969B21,2026-03-02T09:32:09,CIT-000103,Citizen,PAYMENT_CONFIRMED,appointments,198.51.100.241,Success
LOG-2026-BED6E8E2,2026-01-31T13:54:45,CIT-000399,Citizen,PAYMENT_CONFIRMED,citizen-identity,198.51.100.64,Success
LOG-2026-ECC91388,2026-02-28T12:36:53,CIT-000246,Department Staff,PAYMENT_CONFIRMED,citizen-identity,198.51.100.16,Success
LOG-2026-9A0A71C2,2026-01-24T17:51:25,CIT-000492,Department Staff,PERMISSION_DENIED,citizen-identity,203.0.113.168,Success
LOG-2026-8D69D7A1,2026-03-05T09:58:48,CIT-000404,Citizen,DOCUMENT_UPLOADED,business-registration,198.51.100.196,Success
LOG-2026-A72C3A52,2026-06-04T08:56:42,CIT-000437,Citizen,PAYMENT_INITIATED,digital-documents,192.0.2.126,Success
LOG-2026-0B04A3C0,2026-05-17T09:06:59,CIT-000496,Citizen,DOCUMENT_DOWNLOADED,payments,203.0.113.179,Success
LOG-2026-31FBEA3A,2026-01-21T00:26:41,CIT-000043,Citizen,RECORD_UPDATED,appointments,203.0.113.231,Success
LOG-2026-0F6E3ECC,2026-04-18T04:37:15,CIT-000178,Department Staff,PERMISSION_DENIED,appointments,192.0.2.13,Failure
LOG-2026-46D89A16,2026-05-02T23:51:01,CIT-000395,System,RECORD_UPDATED,citizen-identity,203.0.113.224,Success
LOG-2026-5CC9A115,2026-05-10T09:29:12,CIT-000183,Citizen,DOCUMENT_UPLOADED,citizen-identity,192.0.2.26,Success
LOG-2026-74251D69,2026-04-20T18:40:03,CIT-000191,Citizen,RECORD_UPDATED,business-registration,198.51.100.53,Success
LOG-2026-91EB25B7,2026-05-14T12:53:23,CIT-000016,Citizen,LOGIN,case-management,192.0.2.237,Success
LOG-2026-EA43D184,2026-04-24T19:58:37,CIT-000247,System,PERMISSION_DENIED,digital-documents,192.0.2.96,Success
LOG-2026-CCD947B4,2026-02-15T22:31:14,CIT-000412,Citizen,LOGIN,business-registration,203.0.113.172,Success
LOG-2026-37E84AB5,2026-04-16T16:08:10,CIT-000433,Citizen,PERMISSION_DENIED,case-management,203.0.113.234,Success
LOG-2026-1B7FB95A,2026-05-27T00:33:36,CIT-000011,Citizen,PAYMENT_INITIATED,business-registration,198.51.100.65,Success
LOG-2026-93FE0C6C,2026-06-09T19:20:07,CIT-000405,Citizen,LOGIN,case-management,192.0.2.19,Success
LOG-2026-9EA30EE5,2026-06-25T02:39:01,CIT-000119,Citizen,RECORD_CREATED,appointments,198.51.100.43,Success
LOG-2026-51438D66,2026-05-21T00:41:33,CIT-000263,Citizen,PERMISSION_DENIED,payments,198.51.100.220,Success
LOG-2026-AE23D401,2026-05-19T17:57:00,CIT-000112,Department Staff,LOGOUT,business-registration,192.0.2.143,Success
LOG-2026-52216ADD,2025-12-31T05:51:37,CIT-000206,Citizen,RECORD_CREATED,citizen-identity,192.0.2.59,Success
LOG-2026-484F3832,2026-01-18T20:26:25,CIT-000398,Department Staff,RECORD_CREATED,citizen-identity,192.0.2.112,Success
LOG-2026-FF029DAD,2026-06-07T01:07:04,CIT-000449,Citizen,RECORD_CREATED,citizen-identity,203.0.113.240,Success
LOG-2026-48CA6A91,2026-04-19T20:23:55,CIT-000194,Citizen,RECORD_UPDATED,citizen-identity,192.0.2.88,Success
LOG-2026-E923C7D1,2026-05-02T08:29:10,CIT-000257,Citizen,RECORD_CREATED,case-management,192.0.2.101,Success
LOG-2026-CF35832A,2026-01-11T02:24:44,CIT-000299,Citizen,DOCUMENT_UPLOADED,case-management,192.0.2.86,Success
LOG-2026-0099EB67,2026-06-06T11:11:56,CIT-000450,Citizen,LOGIN,business-registration,203.0.113.136,Success
LOG-2026-15199646,2026-04-19T16:58:15,CIT-000165,Citizen,RECORD_CREATED,case-management,192.0.2.105,Success
LOG-2026-A1B00A06,2026-02-21T08:52:55,CIT-000018,Department Staff,DOCUMENT_DOWNLOADED,payments,198.51.100.10,Success
LOG-2026-A1748D62,2026-03-18T03:02:40,CIT-000107,Citizen,PERMISSION_DENIED,citizen-identity,203.0.113.15,Success
LOG-2026-090ED4E4,2025-12-31T01:12:01,CIT-000123,Citizen,RECORD_UPDATED,citizen-identity,192.0.2.167,Success
LOG-2026-E66883FF,2026-05-16T07:26:53,CIT-000488,Citizen,DOCUMENT_DOWNLOADED,appointments,198.51.100.116,Success
LOG-2026-8F6A531A,2026-06-25T21:31:46,CIT-000244,Citizen,PERMISSION_DENIED,payments,203.0.113.117,Success
LOG-2026-346ADD31,2026-05-06T05:51:36,CIT-000157,Citizen,PAYMENT_CONFIRMED,payments,203.0.113.188,Success
LOG-2026-2C925BAA,2026-02-17T15:25:00,CIT-000398,Citizen,RECORD_VIEWED,citizen-identity,198.51.100.207,Success
LOG-2026-9D3FAAFF,2026-05-25T18:05:46,CIT-000044,Department Staff,PAYMENT_CONFIRMED,appointments,192.0.2.253,Success
LOG-2026-E47738D9,2026-05-23T23:24:58,CIT-000362,Citizen,RECORD_UPDATED,digital-documents,198.51.100.188,Success
LOG-2026-1CA8AE54,2026-05-07T13:47:04,CIT-000398,Citizen,PAYMENT_CONFIRMED,case-management,198.51.100.35,Success
LOG-2026-2849621D,2026-03-11T15:21:52,CIT-000211,Department Staff,RECORD_UPDATED,appointments,192.0.2.243,Success
LOG-2026-DEF4D409,2026-05-24T21:55:56,CIT-000373,Citizen,PAYMENT_CONFIRMED,payments,192.0.2.101,Success
LOG-2026-B4209CC2,2026-06-11T01:05:00,CIT-000112,Citizen,DOCUMENT_UPLOADED,appointments,198.51.100.14,Success
LOG-2026-34A53E2A,2026-02-16T05:53:14,CIT-000346,Citizen,DOCUMENT_UPLOADED,appointments,198.51.100.47,Success
LOG-2026-3938915E,2026-05-16T06:39:52,CIT-000025,Citizen,RECORD_UPDATED,business-registration,198.51.100.252,Success
LOG-2026-1A09283F,2026-05-22T10:55:03,CIT-000160,Citizen,PERMISSION_DENIED,business-registration,192.0.2.106,Success
LOG-2026-CB129217,2026-06-24T09:23:24,CIT-000252,Citizen,RECORD_CREATED,appointments,203.0.113.189,Success
LOG-2026-1282314F,2026-01-24T01:51:53,CIT-000037,Department Staff,PERMISSION_DENIED,citizen-identity,192.0.2.3,Success
LOG-2026-1C58FF4E,2026-01-21T07:31:25,CIT-000055,Citizen,PERMIT_STATUS_CHANGED,payments,192.0.2.191,Success
LOG-2026-DAA59031,2026-01-12T00:32:13,CIT-000219,Citizen,RECORD_VIEWED,payments,203.0.113.232,Success
LOG-2026-68348D6F,2026-02-23T10:18:26,CIT-000487,Citizen,PERMIT_STATUS_CHANGED,citizen-identity,203.0.113.41,Success
LOG-2026-36EE7E0E,2026-05-27T14:58:12,CIT-000156,Citizen,RECORD_CREATED,appointments,198.51.100.41,Success
LOG-2026-AF586CAC,2026-03-24T05:38:18,CIT-000481,System,RECORD_VIEWED,case-management,192.0.2.233,Success
LOG-2026-6D688EF6,2026-05-14T07:51:38,CIT-000041,Citizen,RECORD_CREATED,digital-documents,192.0.2.197,Success
LOG-2026-38B61782,2026-02-25T23:58:11,CIT-000372,Citizen,PAYMENT_CONFIRMED,citizen-identity,198.51.100.243,Success
LOG-2026-5B162BF2,2026-01-19T09:30:45,CIT-000353,Department Staff,PERMIT_STATUS_CHANGED,citizen-identity,192.0.2.35,Success
LOG-2026-219BD376,2026-01-29T11:29:22,CIT-000404,System,RECORD_CREATED,case-management,192.0.2.247,Success
LOG-2026-B54D3269,2026-05-04T03:18:40,CIT-000300,Citizen,LOGOUT,digital-documents,192.0.2.160,Success
LOG-2026-41927ED7,2026-05-08T05:13:00,CIT-000428,Department Staff,RECORD_CREATED,business-registration,203.0.113.72,Failure
LOG-2026-57A4E3EC,2026-04-20T02:25:19,CIT-000025,Department Staff,PAYMENT_CONFIRMED,citizen-identity,203.0.113.62,Success
LOG-2026-1D7EC20D,2026-06-03T12:32:26,CIT-000270,Citizen,PAYMENT_CONFIRMED,payments,203.0.113.195,Success
LOG-2026-FE3DB009,2025-12-29T13:34:56,CIT-000083,Citizen,PERMIT_STATUS_CHANGED,appointments,192.0.2.189,Success
LOG-2026-8332A3B5,2026-03-04T21:57:33,CIT-000310,Department Staff,PAYMENT_INITIATED,digital-documents,198.51.100.10,Success
LOG-2026-49236BF1,2026-04-26T17:30:04,CIT-000277,Citizen,PAYMENT_INITIATED,appointments,198.51.100.105,Success
LOG-2026-6CE4A90C,2026-03-28T23:20:00,CIT-000136,Citizen,PERMIT_STATUS_CHANGED,digital-documents,198.51.100.69,Success
LOG-2026-F67AB7B8,2026-01-19T07:30:24,CIT-000461,Department Staff,PERMISSION_DENIED,payments,203.0.113.230,Success
LOG-2026-B25BEB4E,2026-03-21T17:43:05,CIT-000132,Citizen,LOGOUT,payments,192.0.2.40,Success
LOG-2026-8FD9FFEC,2026-01-15T16:02:37,CIT-000243,Citizen,LOGOUT,citizen-identity,203.0.113.207,Success
LOG-2026-01C54E98,2026-06-14T07:46:46,CIT-000073,Citizen,RECORD_CREATED,payments,203.0.113.28,Success
LOG-2026-9D29DAB1,2026-03-04T20:49:50,CIT-000058,Department Staff,RECORD_CREATED,citizen-identity,192.0.2.24,Success
LOG-2026-653A04AE,2026-06-03T12:43:27,CIT-000094,Department Staff,LOGIN,business-registration,192.0.2.13,Success
LOG-2026-AD412FF5,2026-03-02T04:40:44,CIT-000397,Citizen,PERMIT_STATUS_CHANGED,business-registration,203.0.113.253,Success
LOG-2026-E3EF6733,2026-04-08T06:06:12,CIT-000191,Department Staff,PAYMENT_CONFIRMED,appointments,192.0.2.114,Success
LOG-2026-DDFB747D,2026-02-23T16:12:23,CIT-000007,System,LOGOUT,payments,192.0.2.225,Success
LOG-2026-09503699,2026-01-15T19:28:32,CIT-000194,Citizen,LOGOUT,payments,192.0.2.42,Success
LOG-2026-DC9BAEB0,2026-05-26T11:54:13,CIT-000304,Citizen,DOCUMENT_DOWNLOADED,payments,192.0.2.110,Success
LOG-2026-3104AE93,2025-12-20T02:14:38,CIT-000354,Citizen,RECORD_UPDATED,case-management,198.51.100.73,Success
LOG-2026-A52CF987,2026-01-10T18:20:13,CIT-000067,Citizen,LOGIN,case-management,192.0.2.159,Success
LOG-2026-CECC8C65,2026-06-08T13:32:41,CIT-000441,Citizen,LOGOUT,case-management,203.0.113.23,Success
LOG-2026-F94EE5D8,2026-01-11T23:11:32,CIT-000371,Citizen,PERMISSION_DENIED,case-management,198.51.100.116,Success
LOG-2026-7651706F,2026-06-29T10:39:05,CIT-000492,Citizen,PERMIT_STATUS_CHANGED,digital-documents,198.51.100.140,Failure
LOG-2026-45798040,2026-02-21T14:49:33,CIT-000195,Citizen,RECORD_UPDATED,payments,198.51.100.120,Success
LOG-2026-71BABB57,2026-06-15T10:26:41,CIT-000333,Department Staff,PAYMENT_INITIATED,digital-documents,198.51.100.40,Success
LOG-2026-9443482B,2025-12-26T21:19:32,CIT-000395,Department Staff,PAYMENT_INITIATED,payments,198.51.100.254,Success
LOG-2026-49AF48E9,2026-05-08T09:49:19,CIT-000153,Citizen,PAYMENT_INITIATED,case-management,192.0.2.39,Success
LOG-2026-D315DA53,2026-01-23T05:11:16,CIT-000189,Citizen,RECORD_UPDATED,digital-documents,192.0.2.70,Success
LOG-2026-24BE36EA,2026-05-18T17:01:24,CIT-000023,Citizen,PAYMENT_CONFIRMED,appointments,198.51.100.59,Success
LOG-2026-EB5B8165,2026-06-04T08:39:13,CIT-000512,Department Staff,PAYMENT_INITIATED,business-registration,198.51.100.249,Success
LOG-2026-3201BB7D,2026-01-12T08:46:01,CIT-000362,System,LOGOUT,case-management,198.51.100.156,Success
LOG-2026-3E930CD8,2026-06-27T07:43:46,CIT-000241,Department Staff,DOCUMENT_UPLOADED,digital-documents,198.51.100.4,Failure
LOG-2026-57B4FE60,2026-04-17T00:16:12,CIT-000163,Citizen,PERMIT_STATUS_CHANGED,digital-documents,203.0.113.32,Success
LOG-2026-ADD1CF5F,2026-05-11T09:04:30,CIT-000289,Department Staff,PERMIT_STATUS_CHANGED,business-registration,198.51.100.145,Failure
LOG-2026-F3F09C33,2026-06-09T00:13:41,CIT-000065,Citizen,LOGIN,business-registration,192.0.2.242,Success
LOG-2026-C1C1B089,2026-06-20T07:32:53,CIT-000240,Department Staff,PERMIT_STATUS_CHANGED,appointments,198.51.100.148,Success
LOG-2026-111F8202,2026-04-21T08:51:21,CIT-000200,Department Staff,RECORD_CREATED,appointments,192.0.2.182,Success
LOG-2026-8D8179C5,2026-06-25T03:07:36,CIT-000243,Citizen,RECORD_UPDATED,citizen-identity,198.51.100.131,Success
LOG-2026-285E4595,2026-04-21T07:11:54,CIT-000394,Citizen,RECORD_CREATED,digital-documents,198.51.100.155,Success
LOG-2026-7792C39B,2026-06-09T22:39:37,CIT-000273,Citizen,LOGOUT,business-registration,198.51.100.183,Success
LOG-2026-FB748E18,2026-03-23T03:30:06,CIT-000061,Citizen,PAYMENT_CONFIRMED,citizen-identity,198.51.100.92,Success
LOG-2026-DC2089AF,2026-02-12T03:05:46,CIT-000495,Department Staff,DOCUMENT_UPLOADED,payments,198.51.100.253,Success
LOG-2026-CE7FD259,2026-02-28T11:15:44,CIT-000205,System,PERMISSION_DENIED,appointments,203.0.113.31,Success
LOG-2026-38A0C3B2,2026-07-01T03:58:56,CIT-000063,Citizen,RECORD_UPDATED,digital-documents,198.51.100.180,Success
LOG-2026-A1F15590,2026-03-28T17:44:26,CIT-000012,Citizen,RECORD_VIEWED,payments,192.0.2.8,Success
LOG-2026-60A9DAD5,2026-05-09T13:03:11,CIT-000432,Citizen,LOGOUT,business-registration,198.51.100.161,Success
LOG-2026-450FDFA2,2026-06-07T20:50:07,CIT-000161,Department Staff,DOCUMENT_DOWNLOADED,citizen-identity,198.51.100.117,Success
LOG-2026-8F800A76,2026-02-18T15:30:19,CIT-000465,Citizen,RECORD_VIEWED,payments,192.0.2.32,Success
LOG-2026-718DC143,2026-06-20T16:03:56,CIT-000335,Citizen,DOCUMENT_UPLOADED,payments,203.0.113.97,Success
LOG-2026-7329403B,2026-04-22T03:58:37,CIT-000445,Citizen,PERMISSION_DENIED,payments,203.0.113.215,Success
LOG-2026-1AB6294E,2026-01-01T16:13:08,CIT-000290,Department Staff,PERMIT_STATUS_CHANGED,citizen-identity,203.0.113.184,Success
LOG-2026-C4B65DD5,2026-01-12T17:58:52,CIT-000509,Citizen,LOGOUT,citizen-identity,203.0.113.42,Success
LOG-2026-08ECF80C,2026-05-06T07:33:15,CIT-000241,System,LOGOUT,payments,192.0.2.106,Success
LOG-2026-CAB7C22A,2026-05-21T22:38:45,CIT-000072,Citizen,PAYMENT_CONFIRMED,appointments,198.51.100.165,Success
LOG-2026-312173AA,2026-01-21T03:06:45,CIT-000159,Department Staff,DOCUMENT_UPLOADED,digital-documents,192.0.2.30,Success
LOG-2026-2A39A9B1,2026-03-20T07:16:19,CIT-000268,Citizen,RECORD_UPDATED,case-management,203.0.113.7,Success
LOG-2026-66F9D56C,2026-01-02T20:18:20,CIT-000231,Citizen,PAYMENT_CONFIRMED,business-registration,192.0.2.245,Success
LOG-2026-F8B7EDB7,2026-04-21T19:16:18,CIT-000513,Citizen,PERMIT_STATUS_CHANGED,case-management,203.0.113.102,Success
LOG-2026-E056F097,2025-12-26T12:18:55,CIT-000297,Citizen,PAYMENT_CONFIRMED,case-management,198.51.100.141,Success
LOG-2026-D736D176,2025-12-31T08:45:13,CIT-000205,Citizen,DOCUMENT_DOWNLOADED,appointments,198.51.100.2,Success
LOG-2026-20B23CA7,2026-05-09T08:16:04,CIT-000083,Citizen,DOCUMENT_DOWNLOADED,business-registration,198.51.100.55,Success
LOG-2026-5C17AC48,2026-04-05T16:09:18,CIT-000008,Citizen,PERMISSION_DENIED,payments,203.0.113.100,Success
LOG-2026-CF5317B9,2026-03-26T21:50:36,CIT-000207,Citizen,DOCUMENT_DOWNLOADED,payments,198.51.100.101,Success
LOG-2026-ED53E58A,2025-12-28T13:45:20,CIT-000293,Citizen,PAYMENT_CONFIRMED,case-management,203.0.113.132,Success
LOG-2026-193708A3,2026-01-30T03:32:12,CIT-000210,Citizen,RECORD_CREATED,citizen-identity,203.0.113.239,Success
LOG-2026-E0C4CA89,2026-04-12T08:24:07,CIT-000205,Department Staff,DOCUMENT_DOWNLOADED,case-management,192.0.2.227,Success
LOG-2026-3708B0D6,2026-06-15T11:53:52,CIT-000311,Citizen,PERMIT_STATUS_CHANGED,case-management,192.0.2.146,Success
LOG-2026-BC5953B2,2026-07-03T20:56:55,CIT-000259,Citizen,RECORD_UPDATED,citizen-identity,192.0.2.213,Success
LOG-2026-9A776F29,2026-06-29T09:41:55,CIT-000342,Department Staff,RECORD_UPDATED,digital-documents,203.0.113.84,Success
LOG-2026-9BE41BAF,2026-02-19T13:28:00,CIT-000401,Department Staff,DOCUMENT_DOWNLOADED,digital-documents,203.0.113.153,Success
LOG-2026-C38B086A,2026-01-28T00:54:27,CIT-000255,Department Staff,LOGOUT,citizen-identity,203.0.113.13,Success
LOG-2026-CBD9012F,2026-04-14T05:29:02,CIT-000281,Citizen,LOGIN,case-management,203.0.113.247,Success
LOG-2026-6E30C7B2,2026-03-10T23:58:45,CIT-000055,Citizen,PERMIT_STATUS_CHANGED,digital-documents,203.0.113.225,Success
LOG-2026-1251C836,2025-12-26T01:53:21,CIT-000287,Citizen,PAYMENT_INITIATED,citizen-identity,192.0.2.78,Success
LOG-2026-8023EFD5,2026-02-02T02:40:03,CIT-000468,Department Staff,RECORD_UPDATED,case-management,203.0.113.203,Success
LOG-2026-8AB94127,2025-12-22T22:51:12,CIT-000488,Citizen,RECORD_CREATED,case-management,192.0.2.117,Success
LOG-2026-C71F508F,2025-12-26T03:25:18,CIT-000280,Department Staff,RECORD_VIEWED,digital-documents,192.0.2.188,Success
LOG-2026-8E2D6AB9,2026-05-20T18:29:19,CIT-000221,Citizen,LOGOUT,citizen-identity,192.0.2.128,Success
LOG-2026-98941AB7,2026-02-23T08:29:19,CIT-000477,System,PAYMENT_INITIATED,appointments,192.0.2.169,Success
LOG-2026-A596209E,2026-06-21T11:21:22,CIT-000288,Citizen,RECORD_VIEWED,payments,192.0.2.172,Success
LOG-2026-7546A0FF,2026-06-09T08:43:06,CIT-000193,Department Staff,RECORD_UPDATED,case-management,192.0.2.224,Success
LOG-2026-48BECE4D,2026-06-25T02:33:52,CIT-000446,Department Staff,DOCUMENT_UPLOADED,case-management,203.0.113.13,Success
LOG-2026-E719E393,2026-05-09T00:36:53,CIT-000091,Citizen,DOCUMENT_DOWNLOADED,digital-documents,203.0.113.42,Success
LOG-2026-AA1CA43E,2026-02-11T23:08:22,CIT-000381,Citizen,DOCUMENT_UPLOADED,case-management,198.51.100.105,Success
LOG-2026-5F6EB88F,2026-06-16T22:25:31,CIT-000412,System,PERMIT_STATUS_CHANGED,payments,192.0.2.209,Success
LOG-2026-59D8F87E,2026-05-24T18:22:08,CIT-000507,Citizen,PERMISSION_DENIED,digital-documents,192.0.2.155,Success
LOG-2026-6DB0D3F7,2026-05-05T16:11:30,CIT-000141,Citizen,PERMIT_STATUS_CHANGED,digital-documents,203.0.113.221,Success
LOG-2026-EC22EA66,2026-07-02T00:42:29,CIT-000044,Department Staff,PERMIT_STATUS_CHANGED,case-management,192.0.2.154,Success
LOG-2026-FCFC882C,2026-02-09T13:35:23,CIT-000164,System,DOCUMENT_DOWNLOADED,business-registration,203.0.113.102,Success
LOG-2026-3F143880,2026-06-30T02:23:29,CIT-000430,Citizen,LOGOUT,appointments,192.0.2.148,Success
LOG-2026-74985AFE,2026-04-26T10:38:56,CIT-000169,Citizen,RECORD_UPDATED,payments,203.0.113.215,Success
LOG-2026-74EF9CBB,2026-05-18T22:18:57,CIT-000405,Citizen,DOCUMENT_UPLOADED,payments,203.0.113.105,Success
LOG-2026-B1C8D3E2,2026-06-11T13:31:11,CIT-000109,Citizen,RECORD_UPDATED,case-management,192.0.2.184,Success
LOG-2026-8C63B481,2026-06-27T16:46:58,CIT-000517,Citizen,LOGOUT,citizen-identity,203.0.113.244,Success
LOG-2026-86F37786,2026-03-08T15:27:10,CIT-000416,Citizen,RECORD_VIEWED,citizen-identity,192.0.2.7,Success
LOG-2026-D73A5131,2026-03-07T19:21:06,CIT-000303,Citizen,LOGOUT,case-management,192.0.2.18,Success
LOG-2026-36ED30C0,2026-05-05T05:25:54,CIT-000122,Citizen,PAYMENT_INITIATED,citizen-identity,203.0.113.153,Success
LOG-2026-9D603193,2026-03-08T08:02:13,CIT-000398,Citizen,PERMIT_STATUS_CHANGED,appointments,203.0.113.236,Success
LOG-2026-AD7519D9,2026-06-26T04:43:01,CIT-000043,System,PERMISSION_DENIED,digital-documents,198.51.100.90,Success
LOG-2026-04BCBE6A,2026-01-24T10:38:49,CIT-000485,Citizen,PAYMENT_INITIATED,appointments,203.0.113.226,Success
LOG-2026-8392822B,2026-05-13T22:42:32,CIT-000503,Citizen,LOGIN,digital-documents,192.0.2.122,Success
LOG-2026-FF649BD2,2026-03-22T16:21:11,CIT-000095,Department Staff,LOGOUT,case-management,203.0.113.237,Success
LOG-2026-E8784C56,2026-03-21T02:58:09,CIT-000389,Citizen,PERMIT_STATUS_CHANGED,digital-documents,192.0.2.83,Success
LOG-2026-10824E49,2026-05-25T20:17:33,CIT-000463,Citizen,RECORD_UPDATED,case-management,192.0.2.152,Success
LOG-2026-6819E1F7,2026-06-07T23:32:41,CIT-000029,Citizen,DOCUMENT_UPLOADED,business-registration,198.51.100.71,Success
LOG-2026-16982091,2026-01-05T07:12:46,CIT-000398,Citizen,DOCUMENT_UPLOADED,citizen-identity,203.0.113.133,Success
LOG-2026-C1B54407,2026-02-18T14:03:41,CIT-000463,Citizen,RECORD_VIEWED,appointments,198.51.100.110,Success
LOG-2026-101CFB6D,2026-03-04T17:07:07,CIT-000159,Citizen,LOGOUT,business-registration,192.0.2.100,Success
LOG-2026-0DF57C92,2026-01-03T10:05:55,CIT-000181,Citizen,PAYMENT_INITIATED,business-registration,198.51.100.222,Success
LOG-2026-8B1058DB,2026-06-08T01:44:54,CIT-000506,Department Staff,RECORD_UPDATED,citizen-identity,192.0.2.43,Success
LOG-2026-B3E3323D,2026-06-28T01:34:11,CIT-000025,Citizen,PAYMENT_CONFIRMED,case-management,198.51.100.6,Success
LOG-2026-AD27F75A,2026-01-27T16:12:25,CIT-000378,Citizen,PERMISSION_DENIED,citizen-identity,198.51.100.112,Success
LOG-2026-6D654E19,2026-01-11T16:38:07,CIT-000433,Citizen,LOGOUT,case-management,198.51.100.122,Success
LOG-2026-00BDA0BB,2026-02-02T09:03:37,CIT-000250,Citizen,RECORD_CREATED,citizen-identity,203.0.113.48,Success
LOG-2026-BDCDF0EE,2026-05-11T08:43:21,CIT-000457,Citizen,PERMISSION_DENIED,digital-documents,192.0.2.249,Success
LOG-2026-E664C838,2026-05-26T20:58:48,CIT-000190,Citizen,DOCUMENT_DOWNLOADED,citizen-identity,192.0.2.52,Success
LOG-2026-3C711087,2025-12-21T17:29:21,CIT-000137,Citizen,PAYMENT_INITIATED,appointments,192.0.2.29,Success
LOG-2026-D990EBC6,2025-12-20T19:42:54,CIT-000273,Citizen,DOCUMENT_DOWNLOADED,business-registration,198.51.100.236,Success
LOG-2026-89E6F569,2026-02-28T15:39:40,CIT-000492,Citizen,RECORD_UPDATED,digital-documents,198.51.100.55,Success
LOG-2026-8AA9C34B,2026-01-13T22:09:57,CIT-000398,Citizen,DOCUMENT_UPLOADED,business-registration,203.0.113.38,Success
LOG-2026-347962C1,2026-07-04T18:14:54,CIT-000070,System,PAYMENT_CONFIRMED,citizen-identity,203.0.113.43,Success
LOG-2026-177003F0,2026-05-06T20:39:19,CIT-000424,Department Staff,PERMISSION_DENIED,payments,198.51.100.16,Success
LOG-2026-D450A4D5,2026-05-19T15:21:52,CIT-000044,Citizen,PERMIT_STATUS_CHANGED,case-management,203.0.113.239,Success
LOG-2026-8F7AFF32,2026-03-14T15:42:33,CIT-000461,Department Staff,DOCUMENT_DOWNLOADED,business-registration,198.51.100.158,Success
LOG-2026-9E54522D,2026-02-16T11:09:39,CIT-000417,Citizen,PERMISSION_DENIED,appointments,198.51.100.128,Success
LOG-2026-A4828819,2025-12-29T09:17:48,CIT-000444,Citizen,DOCUMENT_DOWNLOADED,appointments,192.0.2.181,Success
LOG-2026-6F789B1F,2026-01-01T21:30:16,CIT-000150,Citizen,PERMISSION_DENIED,digital-documents,198.51.100.119,Success
LOG-2026-E328F5C4,2026-04-23T09:50:10,CIT-000350,Department Staff,RECORD_VIEWED,digital-documents,203.0.113.125,Success
LOG-2026-8E3AB725,2026-04-27T06:55:34,CIT-000141,Citizen,PAYMENT_CONFIRMED,digital-documents,198.51.100.137,Success
LOG-2026-1AC56BB9,2026-03-31T13:04:14,CIT-000065,Department Staff,RECORD_VIEWED,payments,203.0.113.132,Success
LOG-2026-84BD8775,2026-03-01T15:53:27,CIT-000332,Citizen,RECORD_UPDATED,payments,192.0.2.212,Success
LOG-2026-BE429E43,2026-03-29T20:58:41,CIT-000422,Citizen,RECORD_VIEWED,case-management,203.0.113.49,Success
LOG-2026-D3318DB8,2026-03-01T03:46:08,CIT-000143,Citizen,RECORD_VIEWED,payments,203.0.113.139,Success
LOG-2026-ACFD661C,2026-02-22T17:30:28,CIT-000210,Citizen,PAYMENT_CONFIRMED,case-management,198.51.100.164,Success
LOG-2026-7C0178AB,2026-06-28T09:07:11,CIT-000346,Citizen,RECORD_CREATED,digital-documents,198.51.100.184,Success
LOG-2026-82183175,2026-04-28T23:13:50,CIT-000471,Citizen,DOCUMENT_UPLOADED,appointments,192.0.2.65,Success
LOG-2026-8675C450,2026-05-19T00:56:14,CIT-000386,Citizen,DOCUMENT_UPLOADED,business-registration,198.51.100.238,Success
LOG-2026-0FC085FF,2026-05-29T16:26:16,CIT-000284,Citizen,DOCUMENT_UPLOADED,citizen-identity,198.51.100.161,Failure
LOG-2026-91E673D5,2026-06-05T03:53:51,CIT-000111,Citizen,PAYMENT_CONFIRMED,citizen-identity,192.0.2.47,Success
LOG-2026-5F607A51,2026-01-13T16:12:50,CIT-000056,Citizen,LOGIN,appointments,203.0.113.69,Success
LOG-2026-A5A7321A,2026-05-30T18:15:45,CIT-000099,Citizen,PERMISSION_DENIED,case-management,203.0.113.16,Success
LOG-2026-44BE249D,2026-04-04T00:36:15,CIT-000346,Citizen,DOCUMENT_DOWNLOADED,business-registration,192.0.2.57,Success
LOG-2026-19B11D15,2026-05-03T16:29:43,CIT-000274,Department Staff,DOCUMENT_UPLOADED,business-registration,192.0.2.142,Success
LOG-2026-92771300,2026-05-15T05:30:40,CIT-000226,Citizen,RECORD_CREATED,appointments,192.0.2.245,Success
LOG-2026-270E9BB5,2026-02-03T18:10:16,CIT-000277,Citizen,PAYMENT_CONFIRMED,digital-documents,192.0.2.62,Success
LOG-2026-7E850655,2026-03-12T22:53:23,CIT-000170,Citizen,RECORD_CREATED,citizen-identity,192.0.2.172,Success
LOG-2026-12929E5D,2026-03-10T06:04:32,CIT-000396,Citizen,PAYMENT_CONFIRMED,citizen-identity,198.51.100.183,Success
LOG-2026-6E64CDA4,2026-05-14T00:31:47,CIT-000154,Citizen,PAYMENT_INITIATED,payments,192.0.2.226,Success
LOG-2026-3EE55BC5,2026-04-29T07:31:10,CIT-000448,Citizen,DOCUMENT_UPLOADED,digital-documents,203.0.113.158,Success
LOG-2026-8E7CC02A,2026-03-07T04:16:21,CIT-000453,Citizen,DOCUMENT_DOWNLOADED,case-management,192.0.2.154,Success
LOG-2026-C55D6F50,2026-05-23T06:46:08,CIT-000387,Citizen,RECORD_CREATED,payments,198.51.100.104,Success
LOG-2026-8B59D81A,2026-05-13T17:49:55,CIT-000298,Citizen,RECORD_UPDATED,digital-documents,192.0.2.176,Success
LOG-2026-90C02867,2026-01-11T12:09:28,CIT-000250,Citizen,PERMISSION_DENIED,citizen-identity,198.51.100.147,Success
LOG-2026-25B294A9,2026-06-26T01:12:45,CIT-000391,Citizen,LOGIN,digital-documents,198.51.100.23,Success
LOG-2026-AEF7D333,2026-03-31T21:33:09,CIT-000357,Citizen,RECORD_UPDATED,payments,198.51.100.41,Success
LOG-2026-F6FF338C,2026-05-14T12:28:25,CIT-000201,Citizen,LOGIN,business-registration,192.0.2.182,Success
LOG-2026-34824500,2026-01-05T19:47:51,CIT-000095,Citizen,DOCUMENT_DOWNLOADED,appointments,198.51.100.116,Success
LOG-2026-B26A1FD3,2026-04-04T13:05:26,CIT-000146,Department Staff,PAYMENT_INITIATED,business-registration,192.0.2.105,Success
LOG-2026-915D3622,2026-01-22T05:11:06,CIT-000069,Citizen,RECORD_UPDATED,appointments,203.0.113.201,Success
LOG-2026-D5D174AF,2026-06-18T00:11:22,CIT-000181,Department Staff,RECORD_VIEWED,business-registration,192.0.2.5,Success
LOG-2026-2053E571,2026-01-16T07:17:30,CIT-000201,Citizen,DOCUMENT_DOWNLOADED,citizen-identity,198.51.100.210,Success
LOG-2026-B3B70668,2026-05-09T15:50:22,CIT-000128,Department Staff,PAYMENT_CONFIRMED,business-registration,203.0.113.239,Success
LOG-2026-E5E12F70,2026-02-22T02:23:54,CIT-000009,Department Staff,PERMIT_STATUS_CHANGED,appointments,192.0.2.129,Success
LOG-2026-D7894846,2026-02-07T18:58:26,CIT-000059,Citizen,PAYMENT_INITIATED,digital-documents,192.0.2.217,Success
LOG-2026-35FCAC26,2026-04-04T20:12:28,CIT-000377,Citizen,DOCUMENT_DOWNLOADED,digital-documents,192.0.2.182,Success
LOG-2026-D87F55D9,2026-01-02T19:10:30,CIT-000255,Citizen,RECORD_CREATED,digital-documents,192.0.2.1,Success
LOG-2026-B46E8D49,2026-05-19T18:58:54,CIT-000502,Citizen,PERMISSION_DENIED,case-management,198.51.100.228,Success
LOG-2026-AAD1178A,2026-05-23T17:52:55,CIT-000363,Department Staff,DOCUMENT_DOWNLOADED,appointments,198.51.100.43,Success
LOG-2026-4FC67795,2025-12-31T12:35:06,CIT-000512,Citizen,RECORD_CREATED,appointments,198.51.100.216,Success
LOG-2026-3F69F71A,2026-05-12T09:12:40,CIT-000423,Citizen,PAYMENT_INITIATED,citizen-identity,198.51.100.125,Success
LOG-2026-AE3B9842,2026-06-04T12:39:40,CIT-000017,Department Staff,RECORD_UPDATED,business-registration,198.51.100.222,Success
LOG-2026-0A95C740,2026-04-13T15:44:29,CIT-000144,Citizen,PERMISSION_DENIED,business-registration,192.0.2.231,Success
LOG-2026-8BC1DE89,2026-06-24T10:14:12,CIT-000450,Citizen,RECORD_VIEWED,case-management,198.51.100.96,Success
LOG-2026-C852C46A,2026-05-27T20:41:39,CIT-000475,System,RECORD_CREATED,business-registration,192.0.2.230,Success
LOG-2026-852FFF85,2026-05-11T15:25:19,CIT-000104,Citizen,RECORD_VIEWED,digital-documents,198.51.100.228,Success
LOG-2026-E81EFC21,2026-04-10T12:58:46,CIT-000444,Citizen,LOGOUT,appointments,203.0.113.123,Success
LOG-2026-7E65BD9C,2026-05-03T06:31:53,CIT-000491,Citizen,LOGOUT,payments,203.0.113.43,Success
LOG-2026-1C6198FD,2026-04-01T02:05:29,CIT-000104,Citizen,RECORD_CREATED,appointments,192.0.2.162,Success
LOG-2026-01EBFE18,2026-05-23T01:13:48,CIT-000025,Citizen,PAYMENT_CONFIRMED,appointments,198.51.100.89,Success
LOG-2026-97C9F13B,2026-01-06T03:43:55,CIT-000292,Department Staff,PERMIT_STATUS_CHANGED,appointments,192.0.2.227,Success
LOG-2026-20BEEDFA,2026-07-04T23:43:12,CIT-000500,Citizen,PAYMENT_INITIATED,appointments,203.0.113.192,Success
LOG-2026-720B039F,2026-05-13T03:40:24,CIT-000069,Citizen,RECORD_CREATED,case-management,198.51.100.188,Success
LOG-2026-62D8E2D5,2026-02-10T14:39:43,CIT-000274,Department Staff,RECORD_CREATED,business-registration,192.0.2.158,Success
LOG-2026-205F63CC,2026-01-02T15:36:56,CIT-000404,Citizen,RECORD_UPDATED,citizen-identity,192.0.2.50,Success
LOG-2026-BF738A8E,2026-02-14T06:36:16,CIT-000199,Citizen,PAYMENT_INITIATED,appointments,198.51.100.254,Success
LOG-2026-3469978B,2026-02-18T20:04:32,CIT-000001,Department Staff,LOGOUT,payments,203.0.113.124,Success
LOG-2026-673BC28D,2026-02-19T16:41:51,CIT-000225,Department Staff,PAYMENT_CONFIRMED,digital-documents,192.0.2.21,Success
LOG-2026-4C4712D3,2026-05-10T21:31:59,CIT-000351,Department Staff,DOCUMENT_DOWNLOADED,payments,203.0.113.143,Success
LOG-2026-E5724F79,2026-04-23T04:39:57,CIT-000339,Citizen,PERMISSION_DENIED,case-management,203.0.113.214,Success
LOG-2026-97B7883C,2026-03-22T15:29:12,CIT-000286,Citizen,DOCUMENT_DOWNLOADED,citizen-identity,198.51.100.124,Success
LOG-2026-8E6B43A7,2026-05-23T13:19:09,CIT-000308,Citizen,PAYMENT_CONFIRMED,appointments,198.51.100.206,Success
LOG-2026-16DB5867,2026-03-14T05:29:42,CIT-000110,Department Staff,RECORD_CREATED,business-registration,192.0.2.119,Success
LOG-2026-809E546B,2026-07-01T19:57:42,CIT-000101,Citizen,DOCUMENT_UPLOADED,case-management,198.51.100.108,Success
LOG-2026-C1269CC2,2026-03-21T13:22:00,CIT-000307,Citizen,LOGOUT,digital-documents,203.0.113.17,Success
LOG-2026-231C200B,2026-05-24T00:38:58,CIT-000059,Department Staff,PAYMENT_INITIATED,business-registration,198.51.100.122,Failure
LOG-2026-62B6EC48,2026-02-01T07:06:25,CIT-000342,Citizen,PERMIT_STATUS_CHANGED,digital-documents,198.51.100.238,Failure
LOG-2026-0FF27E50,2026-06-02T10:01:56,CIT-000220,Department Staff,PAYMENT_INITIATED,payments,192.0.2.157,Success
LOG-2026-E0513314,2026-04-23T10:21:00,CIT-000345,Citizen,RECORD_CREATED,citizen-identity,192.0.2.22,Success
LOG-2026-DC8ED98E,2026-06-01T19:27:50,CIT-000009,Citizen,RECORD_CREATED,citizen-identity,203.0.113.166,Success
LOG-2026-9319C6BF,2026-06-18T09:08:07,CIT-000053,Citizen,LOGIN,business-registration,198.51.100.252,Success
LOG-2026-742392CF,2026-01-20T08:54:16,CIT-000366,Citizen,PERMISSION_DENIED,payments,198.51.100.26,Success
LOG-2026-B812A431,2025-12-17T11:08:36,CIT-000085,Department Staff,LOGIN,business-registration,192.0.2.230,Success
LOG-2026-73190F3E,2026-03-31T04:51:22,CIT-000503,Citizen,LOGOUT,appointments,203.0.113.19,Success
LOG-2026-70881DD4,2026-01-11T14:27:55,CIT-000292,Citizen,RECORD_CREATED,payments,192.0.2.165,Success
LOG-2026-31D50B11,2026-03-14T07:02:56,CIT-000099,Citizen,PAYMENT_CONFIRMED,citizen-identity,198.51.100.219,Success
LOG-2026-8D6F2591,2026-06-11T02:50:30,CIT-000167,Citizen,PAYMENT_CONFIRMED,appointments,198.51.100.76,Success
LOG-2026-49292C97,2026-03-18T16:40:54,CIT-000411,Department Staff,PAYMENT_INITIATED,payments,203.0.113.84,Success
LOG-2026-C00F8D6C,2026-02-15T15:54:14,CIT-000473,Citizen,RECORD_CREATED,citizen-identity,203.0.113.225,Success
LOG-2026-6EF8A52E,2026-02-04T08:35:06,CIT-000111,Citizen,PAYMENT_CONFIRMED,citizen-identity,198.51.100.198,Success
LOG-2026-3A601E08,2026-03-20T07:09:59,CIT-000328,Department Staff,DOCUMENT_DOWNLOADED,digital-documents,198.51.100.32,Success
LOG-2026-0AF6408D,2026-06-19T03:57:52,CIT-000310,Citizen,RECORD_UPDATED,payments,192.0.2.101,Success
LOG-2026-47CE11EA,2025-12-29T13:38:07,CIT-000068,Department Staff,LOGIN,payments,198.51.100.48,Success
LOG-2026-293BC353,2026-05-20T18:01:44,CIT-000475,Department Staff,PERMISSION_DENIED,payments,198.51.100.35,Success
LOG-2026-E08B1023,2026-04-18T15:11:51,CIT-000433,System,PERMISSION_DENIED,appointments,203.0.113.48,Success
LOG-2026-DC928307,2026-05-27T20:42:13,CIT-000169,Citizen,RECORD_VIEWED,payments,192.0.2.11,Success
LOG-2026-9341FB4A,2026-06-27T18:13:30,CIT-000246,System,DOCUMENT_UPLOADED,business-registration,203.0.113.47,Success
LOG-2026-F73FBA95,2026-05-06T11:22:53,CIT-000010,Department Staff,PERMISSION_DENIED,appointments,198.51.100.87,Success
LOG-2026-E1BB9859,2026-03-05T17:15:38,CIT-000495,Citizen,DOCUMENT_UPLOADED,payments,203.0.113.169,Success
LOG-2026-913423F5,2026-05-18T02:39:13,CIT-000518,Department Staff,RECORD_VIEWED,appointments,203.0.113.238,Success
LOG-2026-D7136570,2026-06-12T01:37:18,CIT-000446,System,LOGIN,appointments,203.0.113.75,Success
LOG-2026-2811BA4E,2026-04-06T20:45:21,CIT-000468,Citizen,LOGIN,digital-documents,203.0.113.161,Failure
LOG-2026-49E3D152,2026-05-28T10:09:48,CIT-000065,Department Staff,PAYMENT_CONFIRMED,appointments,203.0.113.60,Success
LOG-2026-BA103C48,2026-03-30T04:20:41,CIT-000229,Citizen,PAYMENT_CONFIRMED,case-management,192.0.2.210,Success
LOG-2026-7375387D,2026-03-30T10:32:48,CIT-000261,Citizen,PAYMENT_INITIATED,business-registration,192.0.2.57,Failure
LOG-2026-85683E6C,2026-05-20T13:16:50,CIT-000461,Citizen,RECORD_UPDATED,citizen-identity,192.0.2.206,Success
LOG-2026-CA272647,2026-06-30T05:49:23,CIT-000427,Department Staff,LOGIN,case-management,203.0.113.202,Success
LOG-2026-A93ECFDB,2026-03-10T06:19:30,CIT-000053,Citizen,PAYMENT_CONFIRMED,appointments,198.51.100.200,Success
LOG-2026-FD442F67,2026-04-23T23:48:49,CIT-000241,Citizen,PAYMENT_INITIATED,case-management,192.0.2.4,Success
LOG-2026-E0AC761F,2026-03-22T18:16:50,CIT-000082,Department Staff,PERMIT_STATUS_CHANGED,citizen-identity,192.0.2.34,Success
LOG-2026-F3B8BB13,2026-04-09T21:44:44,CIT-000265,Citizen,RECORD_CREATED,digital-documents,192.0.2.232,Success
LOG-2026-6E556B92,2026-01-24T06:53:43,CIT-000168,Department Staff,PERMIT_STATUS_CHANGED,payments,198.51.100.139,Success
LOG-2026-DC5909CA,2026-02-15T19:09:42,CIT-000071,Department Staff,LOGOUT,citizen-identity,192.0.2.17,Success
LOG-2026-1C33C35C,2026-01-30T09:50:57,CIT-000277,Department Staff,RECORD_CREATED,payments,192.0.2.129,Success
LOG-2026-B912E8B7,2026-02-02T19:11:18,CIT-000477,Citizen,DOCUMENT_UPLOADED,appointments,198.51.100.202,Success
LOG-2026-108E87A9,2026-02-23T21:18:38,CIT-000095,Citizen,PERMIT_STATUS_CHANGED,business-registration,203.0.113.242,Success
LOG-2026-AC0B4BD9,2026-01-19T22:41:20,CIT-000019,System,DOCUMENT_DOWNLOADED,business-registration,192.0.2.88,Success
LOG-2026-C9D724C3,2026-05-02T20:16:49,CIT-000199,Citizen,PAYMENT_CONFIRMED,digital-documents,198.51.100.27,Success
LOG-2026-03A68F38,2026-02-20T10:35:05,CIT-000413,Citizen,RECORD_UPDATED,case-management,198.51.100.199,Success
LOG-2026-B62B5D69,2026-06-27T09:04:04,CIT-000069,Citizen,RECORD_UPDATED,digital-documents,198.51.100.83,Success
LOG-2026-8E9932DF,2025-12-31T12:14:18,CIT-000204,Citizen,LOGIN,citizen-identity,203.0.113.91,Success
LOG-2026-4E345292,2026-04-27T22:18:31,CIT-000382,Citizen,PERMISSION_DENIED,citizen-identity,198.51.100.221,Success
LOG-2026-40E262D0,2026-01-31T14:57:32,CIT-000138,Citizen,LOGOUT,digital-documents,198.51.100.142,Failure
LOG-2026-9F826893,2025-12-29T23:53:37,CIT-000349,Department Staff,LOGOUT,case-management,198.51.100.63,Success
LOG-2026-80E08169,2026-01-01T12:05:34,CIT-000436,Department Staff,RECORD_VIEWED,citizen-identity,198.51.100.171,Failure
LOG-2026-D28DADC9,2026-05-13T19:06:36,CIT-000141,System,RECORD_VIEWED,payments,198.51.100.218,Success
LOG-2026-F11A8D16,2026-05-07T15:52:53,CIT-000077,Citizen,DOCUMENT_UPLOADED,payments,203.0.113.77,Success
LOG-2026-327503B1,2026-04-23T16:02:40,CIT-000027,Citizen,RECORD_VIEWED,citizen-identity,192.0.2.239,Success
LOG-2026-F4DFF010,2026-01-30T09:52:52,CIT-000103,Citizen,PERMIT_STATUS_CHANGED,payments,198.51.100.82,Success
LOG-2026-0CFD08C8,2026-03-09T20:02:03,CIT-000188,Citizen,DOCUMENT_DOWNLOADED,citizen-identity,192.0.2.13,Success
LOG-2026-8E357F8E,2026-04-11T19:19:17,CIT-000082,Department Staff,DOCUMENT_UPLOADED,case-management,198.51.100.26,Success
LOG-2026-70303A59,2026-05-29T13:26:10,CIT-000042,Citizen,RECORD_VIEWED,payments,198.51.100.190,Success
LOG-2026-46299988,2025-12-18T22:31:40,CIT-000071,Citizen,LOGOUT,digital-documents,192.0.2.121,Success
LOG-2026-55B1C7AA,2026-01-27T21:27:10,CIT-000416,Citizen,DOCUMENT_UPLOADED,appointments,203.0.113.230,Success
LOG-2026-D113715A,2026-02-20T18:34:14,CIT-000084,Citizen,PERMIT_STATUS_CHANGED,appointments,203.0.113.222,Success
LOG-2026-487E8B73,2026-03-12T04:57:33,CIT-000018,Department Staff,PAYMENT_CONFIRMED,business-registration,192.0.2.189,Failure
LOG-2026-2A06BB5D,2025-12-19T10:25:51,CIT-000245,Citizen,PAYMENT_INITIATED,payments,203.0.113.204,Success
LOG-2026-60286526,2026-03-19T18:39:18,CIT-000193,Citizen,PAYMENT_CONFIRMED,business-registration,203.0.113.171,Success
LOG-2026-B39E656F,2026-02-08T06:43:52,CIT-000300,Citizen,PERMIT_STATUS_CHANGED,appointments,198.51.100.234,Success
