citizen_id,full_name,date_of_birth,sex,civil_status,barangay,mobile_number,email,registered_date,account_status
CIT-000001,Juan S. Gonzales,1987-08-06,Male,Married,Barangka Ilaya,09043321819,juan.gonzales@example.net,2026-03-15T05:41:37,Inactive
CIT-000002,Danilo C. Alonzo,1974-12-24,Male,Single,Barangka Drive,09013389083,danilo.alonzo@example.net,2026-01-20T09:23:28,Active
CIT-000003,Nathaniel B. Uy,1992-01-14,Male,Married,Mabini-J. Rizal,09863794026,nathaniel.uy76@example.com,2026-03-22T06:46:02,Active
CIT-000004,Karen A. Gonzales,1970-03-30,Female,Married,San Jose,09235116155,karen.gonzales@example.com,2025-10-26T03:20:56,Active
CIT-000005,Kristine C. Marquez,1985-07-10,Female,Separated,Namayan,09078161849,kristine.marquez16@example.com,2025-12-31T23:33:41,Active
CIT-000006,Angel O. Villanueva,2001-11-12,Female,Single,Plainview,09593103413,angel.villanueva30@example.com,2026-04-28T18:18:32,Active
CIT-000007,Ricardo E. Gonzales,2000-10-06,Male,Widowed,Barangka Itaas,09647525534,ricardo.gonzales48@example.com,2026-02-15T20:39:19,Active
CIT-000008,Arnel U. Flores,1991-03-20,Male,Married,Barangka Itaas,09192832764,arnel.flores60@example.org,2026-05-25T23:26:27,Active
CIT-000009,Kevin B. Aguilar,2007-11-26,Male,Married,Wack-Wack Greenhills,09835030564,kevin.aguilar5@example.org,2025-09-12T13:41:45,Active
CIT-000010,Josephine M. Panganiban,1954-05-07,Female,Separated,Barangka Ilaya,09953767242,josephine.panganiban@example.com,2026-03-16T21:58:14,Active
CIT-000011,Corazon A. Lim,1964-10-23,Female,Separated,Harapin Ang Bukas,09884969653,corazon.lim@example.net,2025-12-09T06:04:15,Active
CIT-000012,Alvin A. Torres,2008-05-09,Male,Married,Vergara,09287101226,alvin.torres88@example.net,2025-06-25T06:17:28,Active
CIT-000013,Divina T. Marquez,1985-02-05,Female,Single,Plainview,09669784801,divina.marquez@example.net,2026-05-10T04:59:45,Active
CIT-000014,Fe T. Navarro,1990-01-18,Female,Widowed,Hulo,09845146270,fe.navarro21@example.com,2026-03-08T00:33:20,Inactive
CIT-000015,Divina R. Ramos,2005-10-30,Female,Single,Pag-asa,09482814893,divina.ramos@example.com,2025-10-23T19:17:58,Active
CIT-000016,Arnel P. Aguilar,1959-05-16,Male,Single,Barangka Ibaba,09288095701,arnel.aguilar47@example.com,2025-06-23T02:04:18,Active
CIT-000017,Antonio O. Panganiban,2004-05-24,Male,Married,Barangka Ilaya,09430391171,antonio.panganiban85@example.net,2025-08-03T17:15:53,Active
CIT-000018,Josephine V. Uy,2007-03-26,Female,Widowed,Highway Hills,09822782489,josephine.uy86@example.org,2026-05-15T23:10:51,Active
CIT-000019,Rafael O. Domingo,1975-01-19,Male,Widowed,Addition Hills,09383465787,rafael.domingo@example.net,2025-08-25T02:44:41,Active
CIT-000020,Rafael C. Ocampo,1957-07-11,Male,Widowed,Barangka Drive,09315098393,rafael.ocampo@example.org,2026-02-15T09:29:41,Active
CIT-000021,Vincent S. Sy,1950-12-04,Male,Separated,Burol,09031051834,vincent.sy61@example.com,2025-07-07T05:21:00,Active
CIT-000022,Jennylyn B. Alonzo,1989-04-23,Female,Separated,Poblacion,09382997376,jennylyn.alonzo@example.com,2025-11-03T22:52:20,Active
CIT-000023,Rafael V. Villanueva,1961-07-20,Male,Separated,Barangka Ilaya,09165667010,rafael.villanueva@example.org,2025-11-27T06:10:34,Active
CIT-000024,Ferdinand M. Tan,1973-11-10,Male,Single,Pag-asa,09513338726,ferdinand.tan@example.com,2026-05-26T08:32:09,Active
CIT-000025,Carlo P. Bermudez,1961-02-24,Male,Separated,Buayang Bato,09731781080,carlo.bermudez@example.com,2025-10-25T18:27:19,Active
CIT-000026,Rowena P. Espiritu,2006-09-17,Female,Separated,Pleasant Hills,09326773602,rowena.espiritu94@example.com,2025-08-13T08:08:47,Active
CIT-000027,Danilo B. Uy,1972-06-27,Male,Widowed,Bagong Silang,09647468723,danilo.uy7@example.net,2026-05-23T15:28:44,Inactive
CIT-000028,Jose G. Robles,1967-09-19,Male,Married,Barangka Drive,09098050097,jose.robles@example.net,2026-05-01T06:54:25,Active
CIT-000029,Noel S. Sy,1979-09-03,Male,Single,Old Zaniga,09820812191,noel.sy11@example.net,2026-01-13T06:23:24,Active
CIT-000030,Vilma C. Marquez,1989-09-02,Female,Widowed,Burol,09361939909,vilma.marquez34@example.com,2026-02-16T10:46:35,Active
CIT-000031,Karen S. Ocampo,1955-04-06,Female,Separated,Old Zaniga,09998543534,karen.ocampo@example.com,2025-12-26T09:17:09,Active
CIT-000032,Jasmin O. Rivera,1973-06-18,Female,Married,Harapin Ang Bukas,09475107991,jasmin.rivera@example.org,2026-04-20T09:14:10,Active
CIT-000033,Kristine S. Sarmiento,1954-10-04,Female,Widowed,Plainview,09384251354,kristine.sarmiento@example.org,2025-07-15T10:02:35,Inactive
CIT-000034,Angelo C. Pascual,1959-08-28,Male,Married,Pleasant Hills,09849808412,angelo.pascual@example.net,2026-02-01T21:41:46,Inactive
CIT-000035,Rowena G. Bautista,1965-11-05,Female,Separated,Wack-Wack Greenhills,09182449353,rowena.bautista@example.com,2025-10-08T03:08:32,Active
CIT-000036,Cristina T. Custodio,1990-05-20,Female,Separated,Namayan,09487401640,cristina.custodio@example.com,2026-06-02T14:40:59,Inactive
CIT-000037,Renato D. Cruz,1950-09-18,Male,Married,Hulo,09242786801,renato.cruz@example.org,2025-10-20T04:58:06,Inactive
CIT-000038,Noel C. Rivera,1954-11-15,Male,Married,Plainview,09280598262,noel.rivera14@example.net,2026-05-09T22:54:09,Inactive
CIT-000039,Emmanuel F. Salazar,1952-12-07,Male,Married,Hulo,09505331586,emmanuel.salazar@example.net,2026-05-25T15:00:58,Active
CIT-000040,Erlinda G. Salazar,2006-12-28,Female,Married,Vergara,09232260256,erlinda.salazar@example.org,2026-05-05T07:21:13,Active
CIT-000041,Michelle E. Villanueva,1997-01-14,Female,Widowed,Hagdang Bato Itaas,09342160733,michelle.villanueva@example.com,2026-02-11T22:07:30,Active
CIT-000042,Rowena G. Ocampo,1997-11-14,Female,Widowed,Pag-asa,09754330365,rowena.ocampo66@example.net,2026-04-24T05:39:43,Active
CIT-000043,Mark R. Marquez,1966-09-01,Male,Widowed,Bagong Silang,09145868501,mark.marquez14@example.org,2026-03-10T12:42:07,Active
CIT-000044,Kristine T. Robles,2001-05-18,Female,Separated,New Zaniga,09429401965,kristine.robles25@example.com,2026-03-02T20:31:39,Active
CIT-000045,Ramon O. Alonzo,1992-10-06,Male,Widowed,Old Zaniga,09569816934,ramon.alonzo@example.net,2026-05-16T03:12:52,Active
CIT-000046,Marianne A. Bermudez,1953-01-30,Female,Separated,Pleasant Hills,09608835615,marianne.bermudez@example.com,2025-11-10T21:00:49,Active
CIT-000047,Marianne S. Ramos,1986-08-26,Female,Widowed,Highway Hills,09148465648,marianne.ramos@example.org,2025-09-20T00:23:58,Active
CIT-000048,Ma. Theresa C. Custodio,1957-11-21,Female,Married,Mauway,09662994680,ma.custodio@example.net,2025-07-03T12:31:18,Active
CIT-000049,Grace F. Salazar,1968-02-18,Female,Married,Vergara,09369957773,grace.salazar@example.com,2025-06-18T12:54:47,Active
CIT-000050,Kristine E. Ocampo,1980-02-27,Female,Separated,Pag-asa,09214895134,kristine.ocampo@example.net,2026-02-26T00:39:43,Active
CIT-000051,Michelle S. Aquino,1963-07-16,Female,Single,San Jose,09320037917,michelle.aquino@example.com,2026-04-08T21:01:01,Pending Verification
CIT-000052,Ana S. Tan,1974-07-18,Female,Single,Mabini-J. Rizal,09936763201,ana.tan18@example.net,2025-12-23T20:40:40,Pending Verification
CIT-000053,Fe R. Custodio,1995-08-28,Female,Separated,Wack-Wack Greenhills,09328708317,fe.custodio71@example.com,2026-03-16T09:32:27,Inactive
CIT-000054,Rowena G. Salazar,1958-03-29,Female,Separated,Pag-asa,09788957986,rowena.salazar31@example.org,2025-06-30T16:22:01,Active
CIT-000055,Angelo A. Navarro,1998-09-06,Male,Single,Barangka Ilaya,09872774348,angelo.navarro@example.org,2026-02-25T02:15:03,Active
CIT-000056,Antonio B. Bermudez,1978-08-13,Male,Widowed,Namayan,09347143455,antonio.bermudez60@example.com,2025-08-19T22:00:22,Active
CIT-000057,Marites R. Lim,2002-04-21,Female,Separated,Malamig,09122362316,marites.lim1@example.org,2026-03-20T05:04:01,Active
CIT-000058,Precious C. Uy,1974-02-23,Female,Married,Malamig,09876036690,precious.uy29@example.org,2025-12-06T04:40:53,Active
CIT-000059,Marianne F. Manalo,2000-03-13,Female,Separated,Barangka Ilaya,09967054668,marianne.manalo@example.org,2026-01-16T11:00:37,Active
CIT-000060,Antonio D. Alonzo,1993-11-12,Male,Separated,Barangka Itaas,09893734670,antonio.alonzo7@example.org,2025-10-05T17:19:04,Active
CIT-000061,Karen G. Tolentino,1973-01-22,Female,Separated,Daang Bakal,09627298069,karen.tolentino11@example.com,2026-03-18T11:34:55,Active
CIT-000062,Michelle C. Ocampo,1983-03-30,Female,Single,Burol,09016272046,michelle.ocampo@example.net,2025-07-29T18:28:35,Active
CIT-000063,Marianne S. Torres,1969-06-29,Female,Married,Mabini-J. Rizal,09755646417,marianne.torres90@example.org,2025-08-04T18:04:41,Active
CIT-000064,Julius F. Flores,1951-08-19,Male,Single,New Zaniga,09805310033,julius.flores4@example.net,2026-02-18T15:30:15,Inactive
CIT-000065,Regina O. Villanueva,1999-03-09,Female,Married,Barangka Ibaba,09923271937,regina.villanueva90@example.net,2026-01-19T18:24:42,Active
CIT-000066,Ramon A. Uy,1991-01-29,Male,Widowed,Barangka Drive,09529912419,ramon.uy65@example.com,2026-04-26T12:47:19,Active
CIT-000067,Angelica D. Alonzo,1951-12-30,Female,Separated,Pleasant Hills,09496631931,angelica.alonzo20@example.com,2026-03-12T13:38:16,Active
CIT-000068,Kristine L. Uy,1990-12-12,Female,Separated,Hulo,09491905865,kristine.uy94@example.org,2026-04-27T08:42:43,Active
CIT-000069,Angelo S. Custodio,1954-07-04,Male,Separated,New Zaniga,09506716572,angelo.custodio79@example.org,2025-06-11T17:40:24,Active
CIT-000070,Cristina C. Panganiban,1975-10-07,Female,Widowed,Vergara,09849877694,cristina.panganiban34@example.org,2026-05-08T11:20:48,Active
CIT-000071,Precious S. Santos,1969-03-15,Female,Married,Barangka Drive,09314737996,precious.santos31@example.org,2026-01-02T04:47:14,Active
CIT-000072,Katherine C. Panganiban,1970-01-07,Female,Single,Barangka Drive,09752735454,katherine.panganiban@example.org,2026-02-24T06:05:37,Active
CIT-000073,Cherry S. Tan,2001-07-26,Female,Widowed,Hulo,09480831367,cherry.tan96@example.org,2026-02-28T13:15:10,Active
CIT-000074,Rowena T. Domingo,1982-09-16,Female,Married,Hagdang Bato Libis,09377701436,rowena.domingo@example.com,2025-08-23T15:01:15,Active
CIT-000075,Corazon S. Lim,1990-08-19,Female,Widowed,Barangka Ibaba,09495788568,corazon.lim25@example.com,2025-10-18T17:49:31,Active
CIT-000076,Nathaniel D. Uy,1969-09-10,Male,Widowed,Bagong Silang,09744431351,nathaniel.uy7@example.net,2026-06-02T05:43:22,Active
CIT-000077,Angelica S. Santos,1993-08-05,Female,Widowed,Malamig,09233749894,angelica.santos62@example.org,2025-08-11T04:33:50,Pending Verification
CIT-000078,Jocelyn T. Lazaro,2007-05-19,Female,Single,Highway Hills,09343524082,jocelyn.lazaro@example.net,2026-01-31T01:01:45,Active
CIT-000079,John F. Sy,1966-06-02,Male,Single,Burol,09084271094,john.sy16@example.net,2026-01-18T02:28:29,Active
CIT-000080,Julius T. Sarmiento,1977-09-25,Male,Separated,Mabini-J. Rizal,09752047116,julius.sarmiento39@example.org,2026-01-07T10:10:50,Active
CIT-000081,Julius C. Castillo,1979-01-11,Male,Widowed,Plainview,09902294131,julius.castillo@example.com,2025-08-07T02:13:46,Active
CIT-000082,Juan C. Bermudez,1982-11-16,Male,Separated,Hagdang Bato Itaas,09699938677,juan.bermudez@example.org,2026-03-02T03:28:33,Active
CIT-000083,Grace M. Domingo,1967-10-03,Female,Married,Hulo,09964990913,grace.domingo@example.net,2025-07-28T10:51:06,Inactive
CIT-000084,Antonio F. Bautista,1986-10-15,Male,Widowed,Old Zaniga,09412328120,antonio.bautista96@example.org,2025-07-18T21:13:48,Active
CIT-000085,Lourdes G. Manalo,1974-03-15,Female,Separated,Mabini-J. Rizal,09974034471,lourdes.manalo@example.org,2026-03-12T20:31:20,Active
CIT-000086,Maria D. Garcia,1990-05-18,Female,Single,San Jose,09493618324,maria.garcia87@example.net,2025-06-16T05:09:22,Active
CIT-000087,Eduardo C. Sarmiento,1998-06-15,Male,Widowed,Barangka Itaas,09102499471,eduardo.sarmiento75@example.net,2026-04-12T19:28:58,Active
CIT-000088,Eduardo B. Rivera,1977-09-10,Male,Widowed,Hagdang Bato Libis,09464887719,eduardo.rivera@example.com,2025-10-06T16:09:46,Active
CIT-000089,Liza T. Manalo,1952-10-26,Female,Single,Mabini-J. Rizal,09659401399,liza.manalo12@example.org,2025-10-04T03:18:00,Active
CIT-000090,Jocelyn S. Robles,2005-08-27,Female,Separated,Hulo,09490278742,jocelyn.robles@example.net,2025-10-19T02:11:52,Active
CIT-000091,Katherine B. Custodio,2008-05-01,Female,Married,Daang Bakal,09671756551,katherine.custodio@example.org,2025-11-17T17:42:28,Inactive
CIT-000092,Angelica C. Reyes,2000-04-04,Female,Married,Pleasant Hills,09567468071,angelica.reyes21@example.net,2025-06-05T21:37:30,Active
CIT-000093,Rafael E. Torres,1968-10-01,Male,Single,Pag-asa,09516808760,rafael.torres20@example.net,2025-09-21T22:31:00,Active
CIT-000094,Charmaine L. Lazaro,1961-05-21,Female,Married,Mabini-J. Rizal,09597703482,charmaine.lazaro@example.org,2025-08-13T14:47:14,Inactive
CIT-000095,Alvin G. Ocampo,2004-04-24,Male,Separated,Hagdang Bato Libis,09771093248,alvin.ocampo65@example.com,2025-09-18T10:25:13,Active
CIT-000096,Jocelyn C. Aquino,1951-04-20,Female,Separated,Harapin Ang Bukas,09613171274,jocelyn.aquino43@example.org,2026-05-28T20:58:59,Active
CIT-000097,Nathaniel S. Salazar,1980-01-09,Male,Separated,Burol,09467737826,nathaniel.salazar@example.org,2026-03-16T19:19:30,Active
CIT-000098,Regina P. Aquino,1961-07-25,Female,Single,Barangka Ilaya,09982146584,regina.aquino65@example.com,2026-05-06T02:12:53,Active
CIT-000099,Manuel S. Espiritu,1998-02-06,Male,Married,Hulo,09449972787,manuel.espiritu@example.com,2025-11-29T22:08:22,Active
CIT-000100,Karen G. Manalo,1970-07-11,Female,Widowed,Plainview,09886753396,karen.manalo69@example.org,2026-01-30T00:21:42,Active
CIT-000101,Jocelyn C. Uy,1964-01-21,Female,Single,Burol,09605766270,jocelyn.uy81@example.com,2026-03-17T14:32:13,Active
CIT-000102,Julius C. Mendoza,1957-10-30,Male,Married,Pleasant Hills,09951718702,julius.mendoza@example.com,2025-10-04T13:33:39,Active
CIT-000103,Jennylyn A. Dela Cruz,1974-04-15,Female,Married,Burol,09217459615,jennylyn.cruz68@example.net,2026-02-20T09:00:36,Active
CIT-000104,Carlo T. Garcia,1999-12-11,Male,Married,Malamig,09865780913,carlo.garcia@example.com,2025-11-26T16:23:55,Active
CIT-000105,Rowena E. Santos,1987-02-12,Female,Widowed,Plainview,09431611724,rowena.santos@example.com,2025-11-19T03:23:23,Inactive
CIT-000106,Katherine M. Alonzo,2002-11-28,Female,Separated,Hagdang Bato Itaas,09050455623,katherine.alonzo26@example.org,2025-07-12T00:15:01,Active
CIT-000107,Angel P. Pascual,1981-04-25,Female,Single,Wack-Wack Greenhills,09922219693,angel.pascual85@example.org,2025-06-03T17:38:54,Active
CIT-000108,Emmanuel P. Chua,1979-05-17,Male,Widowed,San Jose,09923747407,emmanuel.chua30@example.com,2026-02-02T19:52:43,Active
CIT-000109,Marianne M. Del Rosario,2002-10-12,Female,Single,Hagdang Bato Itaas,09821759464,marianne.rosario@example.net,2025-10-20T06:55:23,Active
CIT-000110,Emmanuel A. Pascual,1977-01-02,Male,Separated,Barangka Itaas,09436713695,emmanuel.pascual@example.net,2026-05-06T23:22:29,Pending Verification
CIT-000111,Perla M. Flores,1983-11-06,Female,Separated,Vergara,09406409097,perla.flores38@example.com,2025-11-29T11:20:05,Pending Verification
CIT-000112,Julius M. Domingo,1998-10-24,Male,Widowed,Barangka Drive,09439533942,julius.domingo@example.org,2025-12-25T23:23:11,Active
CIT-000113,Marianne L. Marquez,1986-12-12,Female,Separated,Wack-Wack Greenhills,09047095214,marianne.marquez82@example.com,2026-02-17T16:06:09,Active
CIT-000114,Arnel A. Tan,1969-06-16,Male,Married,Pag-asa,09623285884,arnel.tan9@example.net,2025-09-25T22:47:11,Active
CIT-000115,John C. Cruz,1998-09-04,Male,Widowed,Malamig,09474517123,john.cruz@example.com,2026-05-11T04:01:34,Active
CIT-000116,Ma. Theresa U. Dela Cruz,2000-05-25,Female,Separated,New Zaniga,09685160481,ma.cruz@example.org,2026-02-09T22:29:04,Active
CIT-000117,Kristine G. Bermudez,1976-11-19,Female,Single,Pleasant Hills,09496513709,kristine.bermudez@example.org,2025-11-20T07:02:08,Pending Verification
CIT-000118,Angelica U. Dela Cruz,2001-10-17,Female,Widowed,Bagong Silang,09859317461,angelica.cruz51@example.com,2025-07-18T00:46:51,Inactive
CIT-000119,Grace C. Castillo,1958-08-13,Female,Single,Bagong Silang,09047113826,grace.castillo@example.com,2026-04-02T05:20:15,Active
CIT-000120,Reynaldo C. Tan,1976-10-26,Male,Married,Wack-Wack Greenhills,09869261796,reynaldo.tan30@example.com,2026-04-02T20:51:45,Inactive
CIT-000121,Angelo D. Aquino,2004-12-21,Male,Widowed,Vergara,09405377351,angelo.aquino@example.net,2026-05-03T02:02:58,Active
CIT-000122,Ramon L. Salazar,2007-05-27,Male,Widowed,Addition Hills,09585064317,ramon.salazar23@example.com,2025-07-19T19:38:42,Active
CIT-000123,Vincent L. Ocampo,1955-10-29,Male,Separated,San Jose,09390053293,vincent.ocampo@example.org,2025-12-13T06:17:13,Active
CIT-000124,Vincent F. Sarmiento,1954-06-27,Male,Separated,Pag-asa,09839335290,vincent.sarmiento@example.org,2026-04-25T15:33:53,Active
CIT-000125,Eduardo O. Custodio,1966-08-04,Male,Single,Hagdang Bato Libis,09228421020,eduardo.custodio@example.com,2025-07-19T14:21:39,Active
CIT-000126,Regina S. Chua,1971-04-15,Female,Widowed,Mabini-J. Rizal,09395024026,regina.chua65@example.com,2026-04-04T14:21:40,Active
CIT-000127,Ronnel D. Custodio,1981-01-08,Male,Separated,Hagdang Bato Libis,09177589178,ronnel.custodio59@example.org,2026-03-10T22:39:05,Active
CIT-000128,Karen D. Marquez,1963-05-11,Female,Married,Plainview,09908470076,karen.marquez@example.com,2026-04-19T14:50:45,Active
CIT-000129,Angelica D. Dela Cruz,1975-03-26,Female,Single,New Zaniga,09177115921,angelica.cruz72@example.net,2025-07-18T01:26:53,Active
CIT-000130,Jocelyn P. Bautista,1957-10-29,Female,Widowed,Harapin Ang Bukas,09998569847,jocelyn.bautista@example.com,2026-02-10T15:23:45,Active
CIT-000131,Ramon D. Tan,1979-10-31,Male,Single,San Jose,09611836736,ramon.tan@example.org,2026-04-24T19:35:13,Active
CIT-000132,Arnel R. Gonzales,1970-03-02,Male,Married,Daang Bakal,09766156545,arnel.gonzales90@example.org,2025-10-14T21:56:43,Active
CIT-000133,Danilo O. Manalo,2005-10-25,Male,Married,Poblacion,09711116152,danilo.manalo@example.com,2026-03-17T08:26:08,Active
CIT-000134,Charmaine N. Espiritu,1982-10-11,Female,Married,Harapin Ang Bukas,09988516560,charmaine.espiritu40@example.net,2026-01-18T03:22:42,Active
CIT-000135,John B. Flores,2006-09-04,Male,Single,Daang Bakal,09945198327,john.flores57@example.org,2026-01-22T08:31:42,Active
CIT-000136,Josephine T. Robles,1963-07-07,Female,Widowed,Hulo,09158514936,josephine.robles15@example.net,2026-02-19T02:07:12,Active
CIT-000137,Ana M. Domingo,1999-07-12,Female,Single,Addition Hills,09998094024,ana.domingo27@example.com,2026-03-25T14:23:09,Active
CIT-000138,Liza T. Aguilar,1991-04-07,Female,Single,Malamig,09455022961,liza.aguilar96@example.com,2025-07-20T18:16:04,Active
CIT-000139,Manuel R. Tan,1958-09-26,Male,Single,Highway Hills,09018366752,manuel.tan@example.org,2025-06-07T20:51:13,Active
CIT-000140,Alvin S. Aguilar,1971-12-21,Male,Separated,New Zaniga,09599102290,alvin.aguilar52@example.org,2025-07-15T07:39:49,Active
CIT-000141,Cristina D. Espiritu,1989-08-07,Female,Single,Hulo,09476797643,cristina.espiritu@example.org,2026-01-15T06:50:53,Active
CIT-000142,Ricardo N. Fernandez,1994-04-18,Male,Married,Hagdang Bato Libis,09156149784,ricardo.fernandez@example.net,2026-02-01T12:15:06,Active
CIT-000143,Noel R. Rivera,1953-02-21,Male,Married,Burol,09690034324,noel.rivera@example.org,2025-08-16T04:52:35,Active
CIT-000144,Julius R. Ocampo,1967-04-18,Male,Separated,Mabini-J. Rizal,09107622683,julius.ocampo97@example.net,2026-05-25T11:54:43,Inactive
CIT-000145,Jocelyn A. Aguilar,1979-07-11,Female,Separated,Barangka Drive,09516060715,jocelyn.aguilar61@example.net,2025-09-26T04:39:39,Active
CIT-000146,Ramon O. Robles,1983-11-26,Male,Widowed,Mabini-J. Rizal,09966416052,ramon.robles@example.com,2025-10-21T19:03:12,Active
CIT-000147,Bryan C. Garcia,1996-12-26,Male,Separated,Mabini-J. Rizal,09975161369,bryan.garcia@example.org,2026-05-19T15:07:46,Active
CIT-000148,Paolo L. Chua,1973-09-25,Male,Married,Bagong Silang,09164535218,paolo.chua@example.org,2026-03-05T00:04:24,Active
CIT-000149,Jose C. Salazar,1987-03-27,Male,Separated,Mauway,09883552312,jose.salazar@example.org,2025-10-23T09:24:08,Inactive
CIT-000150,Charmaine C. Navarro,1965-05-09,Female,Single,Vergara,09292127799,charmaine.navarro81@example.com,2025-10-06T15:06:38,Active
CIT-000151,Liza C. Marquez,1976-07-18,Female,Married,Hagdang Bato Libis,09995527177,liza.marquez@example.org,2025-09-29T01:44:21,Pending Verification
CIT-000152,Jasmin G. Chua,1987-02-16,Female,Widowed,Namayan,09490581477,jasmin.chua49@example.com,2026-02-15T20:06:27,Active
CIT-000153,Bryan R. Alonzo,1952-09-08,Male,Widowed,Addition Hills,09541199867,bryan.alonzo47@example.com,2026-06-04T23:42:38,Active
CIT-000154,Josephine D. Domingo,1984-03-02,Female,Married,Barangka Drive,09079359782,josephine.domingo@example.net,2026-03-26T23:14:35,Active
CIT-000155,Kevin D. Navarro,2006-01-21,Male,Separated,Barangka Ilaya,09715182037,kevin.navarro@example.net,2026-03-27T01:19:21,Active
CIT-000156,Vincent C. Custodio,2007-12-27,Male,Separated,Harapin Ang Bukas,09889255466,vincent.custodio@example.org,2026-01-23T17:19:54,Active
CIT-000157,Michelle S. Uy,1995-06-06,Female,Widowed,Vergara,09905151864,michelle.uy@example.org,2026-02-19T00:26:52,Inactive
CIT-000158,Ma. Theresa T. Pascual,1965-02-14,Female,Separated,Barangka Itaas,09925192546,ma.pascual@example.org,2025-06-20T20:31:15,Active
CIT-000159,Precious S. Mendoza,1957-12-26,Female,Single,Hagdang Bato Itaas,09148652816,precious.mendoza@example.org,2025-11-22T02:07:43,Inactive
CIT-000160,Reynaldo G. Alonzo,1980-01-01,Male,Married,Wack-Wack Greenhills,09054235733,reynaldo.alonzo58@example.com,2025-11-08T17:17:22,Active
CIT-000161,Michelle G. Tolentino,2008-07-04,Female,Widowed,Burol,09214188805,michelle.tolentino4@example.com,2026-04-22T11:51:35,Active
CIT-000162,Erlinda D. Aquino,2001-05-04,Female,Single,Hagdang Bato Itaas,09929622292,erlinda.aquino@example.net,2025-11-29T18:35:35,Active
CIT-000163,Noel R. Garcia,1992-05-03,Male,Widowed,Buayang Bato,09065379473,noel.garcia20@example.com,2026-03-29T00:37:23,Active
CIT-000164,Angelica S. Bautista,1981-06-25,Female,Separated,Pag-asa,09473597746,angelica.bautista80@example.com,2025-07-13T15:26:25,Active
CIT-000165,Kristine R. Uy,1979-09-05,Female,Married,Pleasant Hills,09623924075,kristine.uy19@example.org,2025-06-01T04:45:02,Active
CIT-000166,Danilo R. Bermudez,1982-09-02,Male,Single,Mauway,09181412478,danilo.bermudez@example.net,2025-12-28T21:22:53,Active
CIT-000167,Ricardo C. Lazaro,1959-01-20,Male,Separated,Harapin Ang Bukas,09613750606,ricardo.lazaro@example.org,2026-04-02T19:42:33,Active
CIT-000168,Vincent L. Mendoza,1979-08-17,Male,Widowed,Barangka Ilaya,09361530515,vincent.mendoza6@example.net,2025-10-10T01:39:32,Active
CIT-000169,Reynaldo L. Espiritu,1996-05-29,Male,Married,Vergara,09204727790,reynaldo.espiritu@example.net,2026-03-29T00:47:19,Inactive
CIT-000170,Christian C. Villanueva,2003-01-18,Male,Married,Bagong Silang,09043289861,christian.villanueva41@example.net,2025-11-02T05:53:13,Pending Verification
CIT-000171,Rowena V. Cruz,1995-07-12,Female,Widowed,Harapin Ang Bukas,09341036971,rowena.cruz7@example.org,2025-07-18T22:21:40,Active
CIT-000172,Marites C. Manalo,1956-12-08,Female,Separated,Hagdang Bato Libis,09798089324,marites.manalo24@example.net,2025-12-10T19:25:26,Active
CIT-000173,Erlinda A. Garcia,1975-05-28,Female,Single,Hulo,09953962185,erlinda.garcia@example.net,2025-09-22T16:16:17,Active
CIT-000174,Paolo F. Pascual,1954-06-07,Male,Separated,Old Zaniga,09888880670,paolo.pascual92@example.com,2026-02-23T11:14:38,Active
CIT-000175,Ana A. Rivera,1987-05-18,Female,Widowed,Pag-asa,09540515319,ana.rivera@example.net,2026-02-03T04:13:03,Active
CIT-000176,Juan C. Aquino,1993-02-23,Male,Separated,Bagong Silang,09520585277,juan.aquino@example.com,2026-03-29T22:27:33,Active
CIT-000177,Regina C. Sy,1987-02-24,Female,Married,Plainview,09217043030,regina.sy58@example.org,2025-11-19T23:59:02,Active
CIT-000178,Manuel M. Dela Cruz,1968-10-23,Male,Widowed,Pag-asa,09486874034,manuel.cruz@example.com,2025-06-10T15:41:59,Active
CIT-000179,Divina T. Tolentino,1971-03-19,Female,Single,Daang Bakal,09054156676,divina.tolentino34@example.com,2026-01-24T05:16:43,Active
CIT-000180,Josephine D. Torres,1970-03-04,Female,Single,Mabini-J. Rizal,09277584161,josephine.torres23@example.com,2026-04-11T08:42:02,Active
CIT-000181,Marianne O. Rivera,1975-06-26,Female,Widowed,Hagdang Bato Itaas,09284511544,marianne.rivera@example.org,2025-12-15T04:07:02,Active
CIT-000182,Marlon S. Del Rosario,1976-05-15,Male,Separated,Addition Hills,09627570596,marlon.rosario47@example.org,2026-04-08T16:50:24,Pending Verification
CIT-000183,Arnel O. Garcia,1966-06-07,Male,Widowed,Highway Hills,09016582029,arnel.garcia92@example.net,2025-11-07T03:03:28,Active
CIT-000184,John O. Aguilar,1989-11-02,Male,Separated,Mabini-J. Rizal,09702135569,john.aguilar88@example.com,2026-05-07T13:21:06,Active
CIT-000185,Julius A. Del Rosario,1952-05-21,Male,Single,Wack-Wack Greenhills,09275571928,julius.rosario@example.org,2025-08-03T12:53:06,Active
CIT-000186,Ramon P. Sarmiento,1971-10-16,Male,Single,Daang Bakal,09543102786,ramon.sarmiento26@example.com,2026-01-29T07:48:02,Active
CIT-000187,Manuel L. Flores,2003-06-30,Male,Married,Barangka Itaas,09144739473,manuel.flores85@example.net,2025-06-16T14:07:43,Active
CIT-000188,Antonio S. Cruz,1957-08-15,Male,Widowed,Pag-asa,09172715518,antonio.cruz27@example.net,2026-02-03T17:59:58,Active
CIT-000189,Katherine L. Fernandez,1981-12-14,Female,Married,Vergara,09422583132,katherine.fernandez88@example.org,2025-11-23T17:30:27,Active
CIT-000190,Carlo B. Custodio,1964-03-28,Male,Separated,Mabini-J. Rizal,09705895782,carlo.custodio27@example.net,2025-07-26T09:15:33,Active
CIT-000191,Corazon M. Rivera,1986-01-01,Female,Married,San Jose,09114678669,corazon.rivera@example.org,2025-09-02T11:19:48,Active
CIT-000192,Ma. Theresa A. Salazar,1954-10-14,Female,Single,Bagong Silang,09517785289,ma.salazar38@example.net,2025-11-09T23:28:05,Active
CIT-000193,Reynaldo S. Aguilar,1961-01-22,Male,Widowed,Buayang Bato,09268018242,reynaldo.aguilar@example.org,2025-12-17T11:45:11,Active
CIT-000194,Cherry G. Reyes,1959-11-26,Female,Separated,Mauway,09358414384,cherry.reyes@example.com,2026-01-13T03:19:52,Active
CIT-000195,Christian C. Panganiban,1957-10-07,Male,Separated,Hagdang Bato Itaas,09498182992,christian.panganiban@example.com,2025-11-14T22:42:28,Active
CIT-000196,Corazon M. Dela Cruz,1960-06-08,Female,Widowed,Bagong Silang,09995900109,corazon.cruz@example.net,2026-01-04T18:40:57,Active
CIT-000197,Grace R. Tolentino,1965-11-09,Female,Separated,San Jose,09396907844,grace.tolentino71@example.net,2026-02-19T19:56:41,Active
CIT-000198,Mark D. Manalo,1978-07-09,Male,Widowed,Namayan,09647102767,mark.manalo@example.com,2026-01-20T13:31:54,Active
CIT-000199,Jose D. Cruz,1977-06-12,Male,Widowed,Vergara,09592555625,jose.cruz61@example.com,2026-01-22T00:55:39,Inactive
CIT-000200,Paolo F. Aguilar,1980-05-17,Male,Separated,Old Zaniga,09153714732,paolo.aguilar95@example.net,2025-10-09T05:23:52,Active
CIT-000201,Lourdes F. Sy,1956-02-14,Female,Separated,Wack-Wack Greenhills,09469632595,lourdes.sy3@example.org,2026-02-17T06:30:02,Active
CIT-000202,Angel R. Fernandez,1961-07-08,Female,Separated,Daang Bakal,09278774701,angel.fernandez@example.net,2025-06-20T12:50:05,Active
CIT-000203,Manuel A. Tolentino,2005-05-01,Male,Married,Bagong Silang,09873395004,manuel.tolentino@example.com,2025-06-07T22:40:44,Active
CIT-000204,Jasmin C. Bermudez,1979-03-19,Female,Separated,Mauway,09748016245,jasmin.bermudez79@example.net,2026-03-10T02:02:56,Active
CIT-000205,Manuel T. Castillo,1994-10-24,Male,Widowed,Plainview,09506098358,manuel.castillo62@example.org,2025-08-06T20:20:49,Active
CIT-000206,Precious M. Rivera,1967-04-01,Female,Separated,Buayang Bato,09687849912,precious.rivera32@example.net,2025-09-24T12:23:01,Active
CIT-000207,Fe C. Pascual,2007-01-24,Female,Separated,Hagdang Bato Libis,09655852398,fe.pascual62@example.net,2026-05-29T04:53:17,Inactive
CIT-000208,Liza S. Torres,1973-10-15,Female,Separated,Highway Hills,09000257872,liza.torres@example.org,2025-06-16T22:15:29,Active
CIT-000209,Ramon M. Custodio,1985-09-02,Male,Separated,Buayang Bato,09825952694,ramon.custodio26@example.net,2026-02-25T22:57:24,Active
CIT-000210,Arnel S. Lim,1984-12-11,Male,Married,Bagong Silang,09888794705,arnel.lim@example.net,2025-08-30T00:21:50,Active
CIT-000211,Karen M. Lazaro,1969-09-20,Female,Married,Addition Hills,09169409749,karen.lazaro@example.org,2026-02-09T03:34:18,Inactive
CIT-000212,Cherry P. Villanueva,1984-01-05,Female,Widowed,Hagdang Bato Itaas,09097289623,cherry.villanueva@example.com,2026-02-08T22:02:05,Active
CIT-000213,Emmanuel B. Ramos,1952-05-03,Male,Married,Bagong Silang,09130756263,emmanuel.ramos51@example.com,2026-05-30T07:59:46,Active
CIT-000214,Marites S. Cruz,1974-04-23,Female,Widowed,New Zaniga,09970283857,marites.cruz@example.org,2025-09-19T02:28:36,Active
CIT-000215,Marites R. Del Rosario,1980-12-26,Female,Separated,Daang Bakal,09527858549,marites.rosario@example.org,2025-08-02T16:43:34,Active
CIT-000216,Lourdes S. Ramos,1978-08-04,Female,Widowed,Vergara,09348434437,lourdes.ramos@example.com,2026-01-23T20:40:43,Inactive
CIT-000217,Perla R. Alonzo,1968-11-23,Female,Widowed,Barangka Drive,09584419866,perla.alonzo@example.com,2025-07-25T04:46:03,Active
CIT-000218,Juan T. Marquez,1997-12-22,Male,Married,Mabini-J. Rizal,09240415747,juan.marquez97@example.org,2025-09-25T20:30:33,Active
CIT-000219,Angelo S. Dela Cruz,1962-12-02,Male,Single,Plainview,09848421993,angelo.cruz16@example.org,2025-08-01T14:50:19,Active
CIT-000220,Lourdes P. Torres,1964-07-27,Female,Widowed,Old Zaniga,09833016571,lourdes.torres@example.com,2025-12-03T07:08:54,Active
CIT-000221,Charmaine L. Tan,1990-01-07,Female,Married,San Jose,09208267734,charmaine.tan@example.net,2025-11-21T02:09:46,Active
CIT-000222,Grace T. Sy,1969-02-18,Female,Single,Wack-Wack Greenhills,09019380262,grace.sy@example.net,2025-12-26T00:12:18,Active
CIT-000223,Jocelyn C. Sarmiento,2004-09-04,Female,Single,Plainview,09067240049,jocelyn.sarmiento27@example.com,2026-05-15T16:25:33,Active
CIT-000224,Ferdinand R. Del Rosario,1985-06-20,Male,Separated,Mabini-J. Rizal,09547887287,ferdinand.rosario@example.net,2025-11-27T03:50:53,Active
CIT-000225,Corazon M. Reyes,1966-05-02,Female,Widowed,Wack-Wack Greenhills,09152742054,corazon.reyes@example.net,2025-06-28T22:51:16,Active
CIT-000226,Lourdes U. Ocampo,1983-06-10,Female,Single,Barangka Drive,09329668516,lourdes.ocampo@example.org,2025-11-06T09:05:09,Active
CIT-000227,Julius D. Bermudez,1989-04-29,Male,Separated,Mabini-J. Rizal,09227530463,julius.bermudez49@example.com,2026-02-20T17:40:41,Pending Verification
CIT-000228,Bryan T. Rivera,1976-06-02,Male,Married,Namayan,09454990453,bryan.rivera@example.net,2025-08-26T01:47:35,Active
CIT-000229,Christian U. Espiritu,1954-02-10,Male,Separated,Namayan,09174268414,christian.espiritu@example.com,2025-11-26T11:30:31,Active
CIT-000230,Josephine C. Torres,1971-10-29,Female,Separated,Old Zaniga,09332727956,josephine.torres@example.com,2025-08-19T14:59:23,Active
CIT-000231,Ferdinand B. Chua,1991-03-22,Male,Married,Poblacion,09783391878,ferdinand.chua6@example.org,2025-08-30T14:22:13,Active
CIT-000232,John P. Robles,1991-04-30,Male,Married,Wack-Wack Greenhills,09191088398,john.robles94@example.net,2026-01-18T19:09:59,Active
CIT-000233,Michelle A. Fernandez,1959-03-14,Female,Married,Hulo,09587139718,michelle.fernandez39@example.com,2026-01-02T19:09:32,Inactive
CIT-000234,Bryan T. Alonzo,1976-05-06,Male,Separated,Bagong Silang,09072867908,bryan.alonzo45@example.net,2025-10-02T08:59:25,Active
CIT-000235,Jasmin T. Fernandez,1977-04-29,Female,Married,San Jose,09406403910,jasmin.fernandez69@example.com,2026-04-26T10:36:04,Active
CIT-000236,Marlon B. Espiritu,1975-01-31,Male,Separated,Hulo,09180170462,marlon.espiritu@example.org,2025-09-02T21:46:31,Active
CIT-000237,Katherine C. Garcia,1995-02-09,Female,Widowed,Barangka Drive,09656766182,katherine.garcia@example.com,2025-09-12T20:24:48,Active
CIT-000238,Alvin V. Ocampo,1988-05-31,Male,Married,Malamig,09512868230,alvin.ocampo27@example.org,2026-05-19T14:36:34,Active
CIT-000239,Vincent L. Torres,1994-05-14,Male,Married,Pleasant Hills,09478686337,vincent.torres@example.org,2026-05-21T23:46:00,Active
CIT-000240,Fe T. Pascual,1970-08-02,Female,Separated,Namayan,09431069033,fe.pascual84@example.org,2025-09-10T04:06:03,Active
CIT-000241,Ma. Theresa L. Mendoza,1954-05-30,Female,Widowed,Buayang Bato,09907903067,ma.mendoza48@example.org,2025-06-18T08:16:07,Active
CIT-000242,Vincent R. Aquino,1964-02-06,Male,Widowed,Namayan,09302843959,vincent.aquino75@example.org,2025-07-29T18:44:50,Active
CIT-000243,Ricardo S. Sy,1985-03-09,Male,Separated,Namayan,09534283644,ricardo.sy84@example.org,2026-03-24T01:12:24,Active
CIT-000244,Ma. Theresa R. Flores,1954-01-16,Female,Married,Barangka Ilaya,09926870568,ma.flores93@example.com,2026-05-22T16:17:30,Inactive
CIT-000245,Manuel O. Cruz,1968-12-29,Male,Single,San Jose,09662462873,manuel.cruz1@example.com,2026-04-23T19:15:21,Active
CIT-000246,Nathaniel S. Aquino,1999-10-09,Male,Married,Mauway,09427086688,nathaniel.aquino59@example.com,2026-01-26T12:48:42,Active
CIT-000247,Marianne R. Panganiban,1958-04-14,Female,Single,Namayan,09343517518,marianne.panganiban71@example.com,2025-06-07T02:04:08,Active
CIT-000248,Precious R. Pascual,1992-07-14,Female,Separated,Vergara,09304699013,precious.pascual@example.com,2025-12-21T05:47:46,Active
CIT-000249,Arnel M. Sarmiento,1997-03-06,Male,Widowed,Daang Bakal,09983735403,arnel.sarmiento@example.org,2025-11-05T06:37:11,Active
CIT-000250,Nathaniel F. Domingo,2004-11-11,Male,Single,Pag-asa,09173936385,nathaniel.domingo@example.com,2025-11-04T23:38:15,Active
CIT-000251,Ana F. Santos,1995-06-28,Female,Single,Malamig,09678544587,ana.santos56@example.net,2026-04-29T18:56:22,Pending Verification
CIT-000252,Rafael S. Castillo,1977-07-15,Male,Separated,Daang Bakal,09753556093,rafael.castillo@example.net,2026-05-26T01:14:44,Active
CIT-000253,Carlo R. Aguilar,1993-07-02,Male,Married,New Zaniga,09048996423,carlo.aguilar19@example.com,2025-09-24T19:37:58,Active
CIT-000254,Danilo U. Tolentino,1969-08-22,Male,Widowed,Highway Hills,09693785477,danilo.tolentino@example.net,2026-03-08T19:51:49,Active
CIT-000255,Ana A. Mendoza,1977-03-27,Female,Married,Wack-Wack Greenhills,09522872808,ana.mendoza10@example.net,2026-03-26T05:49:19,Active
CIT-000256,Fe R. Aguilar,1952-06-20,Female,Widowed,Vergara,09100623120,fe.aguilar58@example.com,2025-10-16T18:34:14,Active
CIT-000257,Charmaine L. Ramos,1963-03-12,Female,Separated,Barangka Drive,09750997700,charmaine.ramos99@example.com,2026-03-04T12:49:23,Active
CIT-000258,Jasmin A. Tolentino,1981-05-17,Female,Separated,Hagdang Bato Libis,09600848408,jasmin.tolentino@example.com,2025-06-02T14:35:34,Inactive
CIT-000259,Jennylyn M. Gonzales,1997-09-02,Female,Married,Barangka Drive,09621182339,jennylyn.gonzales24@example.org,2026-01-02T21:38:48,Active
CIT-000260,Angelica G. Reyes,1981-01-15,Female,Widowed,Namayan,09546156793,angelica.reyes12@example.org,2025-06-05T09:11:34,Active
CIT-000261,Fe T. Garcia,2007-12-11,Female,Married,New Zaniga,09341016668,fe.garcia@example.net,2025-10-26T10:50:58,Active
CIT-000262,Liza P. Gonzales,1978-02-12,Female,Married,Barangka Drive,09021765918,liza.gonzales22@example.org,2025-11-11T03:07:41,Active
CIT-000263,Ramon S. Marquez,2003-10-27,Male,Separated,Old Zaniga,09339740148,ramon.marquez@example.org,2025-07-12T03:13:29,Active
CIT-000264,Ricardo T. Navarro,1983-03-11,Male,Widowed,Mabini-J. Rizal,09025039261,ricardo.navarro43@example.net,2026-01-17T10:18:48,Active
CIT-000265,Kristine L. Villanueva,1967-11-13,Female,Widowed,Barangka Itaas,09939685621,kristine.villanueva51@example.org,2026-03-12T23:41:43,Active
CIT-000266,Angel A. Salazar,1979-07-22,Female,Separated,Daang Bakal,09501631599,angel.salazar51@example.com,2026-05-28T13:39:55,Active
CIT-000267,Kevin R. Tan,2005-11-21,Male,Separated,Pleasant Hills,09650477358,kevin.tan27@example.org,2026-04-19T10:16:40,Active
CIT-000268,Marianne D. Panganiban,2005-02-04,Female,Widowed,Burol,09629619431,marianne.panganiban@example.net,2025-11-11T22:00:30,Active
CIT-000269,Ferdinand L. Chua,1955-04-07,Male,Separated,Namayan,09262655110,ferdinand.chua65@example.net,2025-06-14T20:50:46,Active
CIT-000270,Lourdes C. Uy,2005-03-14,Female,Single,Barangka Ibaba,09754121267,lourdes.uy@example.net,2026-02-13T17:33:57,Active
CIT-000271,Danilo N. Manalo,1982-10-24,Male,Separated,Barangka Ibaba,09861015819,danilo.manalo@example.org,2025-08-25T19:22:12,Active
CIT-000272,Ferdinand M. Dela Cruz,1985-03-12,Male,Separated,San Jose,09560466183,ferdinand.cruz@example.org,2025-06-10T03:06:37,Active
CIT-000273,Charmaine T. Garcia,1983-09-06,Female,Married,Harapin Ang Bukas,09262244472,charmaine.garcia40@example.org,2026-04-01T04:05:46,Active
CIT-000274,Jennylyn M. Lazaro,1954-03-06,Female,Separated,Poblacion,09646471543,jennylyn.lazaro90@example.org,2025-06-26T16:16:48,Active
CIT-000275,Juan M. Navarro,1992-04-27,Male,Married,Poblacion,09799371240,juan.navarro@example.net,2025-08-01T18:44:34,Active
CIT-000276,Ma. Theresa M. Domingo,2005-07-16,Female,Married,Barangka Itaas,09596575692,ma.domingo82@example.org,2025-06-11T22:15:42,Active
CIT-000277,Ferdinand A. Lim,1967-12-07,Male,Separated,Addition Hills,09937526547,ferdinand.lim@example.com,2025-09-16T16:31:54,Active
CIT-000278,Danilo U. Mendoza,2006-08-22,Male,Married,Harapin Ang Bukas,09356465193,danilo.mendoza@example.org,2025-07-14T20:18:26,Active
CIT-000279,Divina C. Aguilar,1984-11-09,Female,Separated,Old Zaniga,09828073741,divina.aguilar@example.org,2025-10-15T06:54:26,Active
CIT-000280,Reynaldo L. Fernandez,1998-01-03,Male,Single,Plainview,09672434266,reynaldo.fernandez18@example.com,2025-09-01T05:49:44,Active
CIT-000281,Ramon R. Aquino,1954-10-18,Male,Separated,Hulo,09979688680,ramon.aquino@example.net,2025-10-27T14:36:21,Active
CIT-000282,Katherine R. Uy,1996-05-15,Female,Married,Malamig,09589113529,katherine.uy@example.com,2025-09-30T18:16:05,Active
CIT-000283,Alvin S. Rivera,1953-01-28,Male,Separated,Barangka Ilaya,09656101438,alvin.rivera25@example.net,2025-12-13T21:11:37,Active
CIT-000284,Marianne B. Panganiban,1993-10-29,Female,Separated,Malamig,09899375679,marianne.panganiban@example.net,2025-06-12T13:48:45,Active
CIT-000285,Christian G. Cruz,1990-07-21,Male,Married,Namayan,09250714611,christian.cruz@example.org,2026-01-06T06:24:51,Active
CIT-000286,Precious T. Robles,1998-09-22,Female,Single,Daang Bakal,09254573875,precious.robles70@example.net,2026-04-16T01:27:34,Active
CIT-000287,Precious A. Castillo,1978-02-15,Female,Single,Poblacion,09775140105,precious.castillo@example.org,2026-05-06T07:59:19,Pending Verification
CIT-000288,Rowena G. Rivera,1988-02-03,Female,Separated,Barangka Ibaba,09238282586,rowena.rivera@example.net,2026-01-14T22:01:04,Active
CIT-000289,Cristina C. Del Rosario,2006-02-06,Female,Married,Vergara,09362266093,cristina.rosario8@example.net,2025-09-17T18:04:20,Active
CIT-000290,Paolo P. Pascual,1976-08-01,Male,Widowed,Mauway,09660334191,paolo.pascual@example.com,2026-03-18T21:33:14,Active
CIT-000291,Angelo D. Del Rosario,1996-11-17,Male,Married,Barangka Ilaya,09825537147,angelo.rosario92@example.com,2026-03-23T07:37:05,Active
CIT-000292,Cherry S. Aquino,1981-02-11,Female,Widowed,Pag-asa,09596969155,cherry.aquino54@example.org,2025-06-29T22:01:57,Active
CIT-000293,Ricardo G. Robles,1999-07-20,Male,Widowed,Mabini-J. Rizal,09924991251,ricardo.robles63@example.net,2025-06-01T13:13:14,Inactive
CIT-000294,Vincent R. Espiritu,1964-05-06,Male,Single,Vergara,09125286692,vincent.espiritu69@example.com,2025-11-14T10:44:02,Active
CIT-000295,Rowena P. Aguilar,1983-11-06,Female,Widowed,Namayan,09627828274,rowena.aguilar@example.net,2026-04-27T15:19:27,Active
CIT-000296,Marites C. Bautista,1958-08-24,Female,Single,Pag-asa,09579050723,marites.bautista@example.com,2026-05-27T13:06:44,Inactive
CIT-000297,Ma. Theresa A. Santos,1997-10-16,Female,Married,Pleasant Hills,09887676772,ma.santos17@example.com,2026-05-06T04:23:11,Inactive
CIT-000298,Grace M. Dela Cruz,1955-04-21,Female,Single,Harapin Ang Bukas,09034043842,grace.cruz@example.com,2025-11-01T12:20:28,Active
CIT-000299,Ronnel M. Garcia,1995-10-16,Male,Single,Buayang Bato,09978819148,ronnel.garcia@example.com,2026-01-17T03:39:50,Active
CIT-000300,Maria N. Santos,1998-04-05,Female,Single,Hulo,09580783613,maria.santos@example.org,2025-06-28T02:20:15,Active
CIT-000301,Vincent M. Mendoza,1967-10-10,Male,Widowed,Harapin Ang Bukas,09074517133,vincent.mendoza@example.org,2026-03-27T23:20:39,Active
CIT-000302,Bryan O. Aquino,1997-07-12,Male,Single,Old Zaniga,09959629233,bryan.aquino@example.org,2025-10-14T23:28:36,Active
CIT-000303,Emmanuel C. Bermudez,1997-03-23,Male,Married,Barangka Drive,09958498254,emmanuel.bermudez@example.com,2026-01-15T13:23:49,Active
CIT-000304,Charmaine D. Aguilar,1967-04-16,Female,Married,Daang Bakal,09481260422,charmaine.aguilar@example.com,2026-01-01T12:12:01,Active
CIT-000305,Fe F. Reyes,1964-12-27,Female,Married,Mauway,09536729466,fe.reyes@example.net,2025-10-30T17:33:14,Active
CIT-000306,Marlon P. Salazar,1976-09-21,Male,Separated,Barangka Ibaba,09168457759,marlon.salazar31@example.net,2026-01-17T05:59:48,Active
CIT-000307,Ramon D. Aguilar,1950-08-26,Male,Separated,Wack-Wack Greenhills,09175186363,ramon.aguilar73@example.org,2025-12-29T18:34:44,Active
CIT-000308,Fe R. Ocampo,1979-03-15,Female,Single,Addition Hills,09545892975,fe.ocampo@example.com,2026-05-24T21:13:56,Active
CIT-000309,Divina R. Pascual,2002-05-15,Female,Separated,Hulo,09001701277,divina.pascual90@example.com,2026-02-04T08:24:36,Active
CIT-000310,Angelo F. Garcia,1950-07-19,Male,Single,Mauway,09632424154,angelo.garcia@example.net,2025-10-05T11:42:12,Active
CIT-000311,Christian S. Alonzo,1955-04-16,Male,Single,Burol,09206436110,christian.alonzo12@example.com,2025-11-23T15:54:06,Active
CIT-000312,Christian T. Ramos,1962-11-20,Male,Single,Pleasant Hills,09129387005,christian.ramos@example.com,2025-12-10T09:04:25,Pending Verification
CIT-000313,Cristina D. Dela Cruz,1997-11-25,Female,Widowed,Poblacion,09627136111,cristina.cruz@example.org,2026-04-10T00:57:37,Active
CIT-000314,Angelo O. Sy,1968-09-06,Male,Separated,Mabini-J. Rizal,09426221890,angelo.sy66@example.com,2025-12-11T14:52:21,Inactive
CIT-000315,Ramon M. Flores,1985-11-27,Male,Single,New Zaniga,09275326973,ramon.flores@example.com,2026-03-15T06:44:22,Active
CIT-000316,Alvin S. Santos,1955-07-15,Male,Single,Malamig,09121965652,alvin.santos47@example.com,2025-08-09T02:12:24,Inactive
CIT-000317,Renato D. Bermudez,1964-11-17,Male,Widowed,Burol,09138999404,renato.bermudez54@example.org,2026-04-17T09:01:12,Active
CIT-000318,Angelica B. Robles,1962-06-04,Female,Married,Burol,09983640376,angelica.robles@example.org,2025-06-27T08:36:39,Inactive
CIT-000319,Fe A. Fernandez,1957-01-17,Female,Single,Namayan,09791805526,fe.fernandez@example.org,2025-08-17T12:33:38,Active
CIT-000320,Corazon E. Salazar,2000-06-08,Female,Widowed,New Zaniga,09965827109,corazon.salazar@example.net,2026-05-16T06:54:35,Active
CIT-000321,John B. Santos,1954-06-04,Male,Single,Burol,09430068486,john.santos70@example.net,2026-04-22T15:34:00,Active
CIT-000322,Paolo T. Santos,1975-01-28,Male,Widowed,Barangka Ibaba,09618892414,paolo.santos@example.org,2025-12-08T16:12:41,Pending Verification
CIT-000323,Nathaniel G. Gonzales,1955-02-03,Male,Single,Burol,09328569146,nathaniel.gonzales67@example.net,2026-05-14T09:33:41,Active
CIT-000324,Danilo R. Mendoza,1992-11-05,Male,Married,Pag-asa,09303161799,danilo.mendoza@example.net,2026-01-07T02:38:34,Active
CIT-000325,Rafael M. Pascual,1953-09-12,Male,Widowed,Vergara,09210202758,rafael.pascual51@example.org,2025-11-23T10:10:44,Active
CIT-000326,Miguel L. Del Rosario,1980-07-04,Male,Single,Barangka Ilaya,09425241056,miguel.rosario@example.org,2025-11-28T14:07:06,Active
CIT-000327,Renato C. Rivera,1966-04-13,Male,Separated,Hagdang Bato Itaas,09149177850,renato.rivera60@example.com,2025-07-05T16:57:13,Active
CIT-000328,Perla C. Chua,1979-06-27,Female,Married,Wack-Wack Greenhills,09925241913,perla.chua@example.com,2026-03-03T18:38:14,Active
CIT-000329,Regina B. Robles,1993-06-22,Female,Widowed,Daang Bakal,09000307562,regina.robles@example.org,2026-04-28T11:37:53,Active
CIT-000330,Mark M. Espiritu,1960-11-20,Male,Married,Barangka Ibaba,09086353654,mark.espiritu@example.com,2025-07-21T08:31:27,Active
CIT-000331,Jennylyn L. Garcia,1998-06-01,Female,Widowed,Wack-Wack Greenhills,09951802380,jennylyn.garcia@example.com,2025-08-16T09:20:12,Inactive
CIT-000332,Erlinda G. Del Rosario,2005-11-05,Female,Widowed,Barangka Ibaba,09174451870,erlinda.rosario6@example.com,2025-08-04T19:56:34,Inactive
CIT-000333,Perla P. Manalo,1971-11-27,Female,Single,Highway Hills,09494937597,perla.manalo88@example.com,2025-10-16T01:09:36,Active
CIT-000334,Angelo C. Gonzales,2008-05-19,Male,Married,Bagong Silang,09383206038,angelo.gonzales@example.net,2025-09-23T04:44:58,Active
CIT-000335,Ana G. Garcia,1970-08-07,Female,Separated,Barangka Ilaya,09050641383,ana.garcia@example.net,2026-05-10T03:43:44,Active
CIT-000336,Bryan R. Uy,1974-11-09,Male,Separated,Vergara,09024103865,bryan.uy92@example.org,2025-12-29T01:26:37,Active
CIT-000337,Vilma R. Sy,1977-02-05,Female,Widowed,Highway Hills,09191826199,vilma.sy@example.com,2025-10-02T10:19:27,Active
CIT-000338,Noel B. Gonzales,1954-02-13,Male,Separated,Mauway,09234456557,noel.gonzales@example.com,2025-07-09T11:29:22,Active
CIT-000339,Angelo B. Uy,1966-04-13,Male,Married,New Zaniga,09132912127,angelo.uy50@example.com,2025-08-07T23:32:39,Active
CIT-000340,Erlinda L. Rivera,1977-07-16,Female,Single,Pleasant Hills,09618537474,erlinda.rivera90@example.net,2026-01-05T11:21:47,Active
CIT-000341,Reynaldo U. Panganiban,1999-12-14,Male,Widowed,Barangka Itaas,09124903521,reynaldo.panganiban@example.com,2025-06-22T09:41:36,Active
CIT-000342,Juan L. Sarmiento,1991-10-03,Male,Single,Hagdang Bato Libis,09568044206,juan.sarmiento@example.com,2025-10-10T22:16:28,Active
CIT-000343,Ana A. Reyes,2000-01-28,Female,Married,San Jose,09883171210,ana.reyes15@example.com,2025-10-23T16:17:18,Active
CIT-000344,Angel N. Mendoza,1954-01-31,Female,Widowed,Hagdang Bato Libis,09323651994,angel.mendoza@example.net,2026-06-04T00:38:04,Active
CIT-000345,Katherine R. Aguilar,2003-09-20,Female,Widowed,Burol,09101372151,katherine.aguilar@example.org,2025-09-27T17:58:11,Active
CIT-000346,Jasmin S. Ramos,1952-12-25,Female,Separated,San Jose,09702966706,jasmin.ramos@example.com,2026-01-20T12:50:21,Active
CIT-000347,Bryan M. Sy,1990-02-18,Male,Separated,Barangka Ilaya,09253244720,bryan.sy@example.com,2025-10-13T06:40:28,Pending Verification
CIT-000348,Bryan N. Garcia,1986-02-15,Male,Separated,Addition Hills,09934768701,bryan.garcia@example.com,2026-02-24T19:02:21,Active
CIT-000349,Erlinda S. Mendoza,1966-09-26,Female,Single,Highway Hills,09263838065,erlinda.mendoza57@example.com,2026-05-10T02:47:31,Active
CIT-000350,Jennylyn T. Uy,1978-05-01,Female,Single,Wack-Wack Greenhills,09759856420,jennylyn.uy@example.com,2025-11-22T20:28:25,Active
CIT-000351,Christian A. Reyes,1969-01-01,Male,Widowed,Barangka Ibaba,09304078593,christian.reyes10@example.com,2026-05-11T10:17:21,Active
CIT-000352,Renato N. Garcia,2006-12-31,Male,Separated,Pleasant Hills,09133480396,renato.garcia4@example.net,2025-08-03T16:03:19,Active
CIT-000353,Cristina M. Bautista,1971-02-01,Female,Widowed,Buayang Bato,09223955905,cristina.bautista25@example.net,2026-01-01T18:52:19,Active
CIT-000354,Marianne F. Pascual,2005-06-20,Female,Married,Barangka Ibaba,09929378427,marianne.pascual7@example.net,2025-12-31T01:23:49,Active
CIT-000355,Jose S. Dela Cruz,1952-09-16,Male,Separated,Barangka Drive,09039308705,jose.cruz38@example.com,2025-07-08T06:09:12,Active
CIT-000356,Bryan G. Pascual,2003-09-30,Male,Separated,Barangka Ibaba,09325250029,bryan.pascual40@example.org,2025-12-07T12:52:57,Inactive
CIT-000357,Grace T. Uy,1991-05-19,Female,Married,Harapin Ang Bukas,09218515691,grace.uy49@example.com,2025-11-20T17:05:48,Active
CIT-000358,Ma. Theresa D. Marquez,1970-01-11,Female,Widowed,New Zaniga,09522675289,ma.marquez@example.net,2026-02-14T19:25:37,Active
CIT-000359,Erlinda B. Uy,1996-02-26,Female,Married,Namayan,09392644220,erlinda.uy8@example.net,2025-11-10T04:06:13,Pending Verification
CIT-000360,Angel L. Salazar,2005-07-16,Female,Widowed,Barangka Drive,09969029593,angel.salazar@example.net,2026-01-08T10:19:32,Inactive
CIT-000361,Mark R. Custodio,1987-08-10,Male,Married,Buayang Bato,09172513552,mark.custodio@example.com,2025-11-12T00:18:36,Active
CIT-000362,Josephine C. Aquino,1987-05-29,Female,Widowed,Hagdang Bato Libis,09157043315,josephine.aquino@example.com,2025-10-29T07:30:58,Active
CIT-000363,Jocelyn S. Gonzales,1965-05-24,Female,Separated,Addition Hills,09100676267,jocelyn.gonzales90@example.com,2025-11-08T13:03:11,Active
CIT-000364,Emmanuel S. Mendoza,2001-08-26,Male,Single,Vergara,09586179327,emmanuel.mendoza37@example.org,2025-09-11T04:06:06,Active
CIT-000365,Angel L. Chua,1954-10-13,Female,Single,Barangka Itaas,09040541152,angel.chua36@example.com,2026-01-26T16:37:34,Active
CIT-000366,Ana N. Manalo,2002-01-03,Female,Married,Bagong Silang,09218159970,ana.manalo96@example.org,2026-05-14T23:06:29,Active
CIT-000367,Perla F. Fernandez,1975-07-11,Female,Widowed,Wack-Wack Greenhills,09296201533,perla.fernandez@example.com,2025-07-22T18:44:01,Active
CIT-000368,Fe G. Aguilar,1974-03-31,Female,Separated,Old Zaniga,09884443106,fe.aguilar@example.com,2025-11-19T03:16:01,Active
CIT-000369,Corazon S. Panganiban,1983-09-02,Female,Widowed,Wack-Wack Greenhills,09720506149,corazon.panganiban@example.com,2025-09-29T10:02:50,Active
CIT-000370,Jasmin S. Sarmiento,1978-05-14,Female,Single,Barangka Itaas,09103241714,jasmin.sarmiento@example.com,2025-09-05T11:35:16,Active
CIT-000371,Emmanuel V. Dela Cruz,1996-01-12,Male,Widowed,Harapin Ang Bukas,09774186256,emmanuel.cruz60@example.net,2026-05-25T01:50:21,Active
CIT-000372,Rafael P. Dela Cruz,1971-12-07,Male,Separated,Barangka Itaas,09704774349,rafael.cruz61@example.org,2025-08-03T02:13:38,Active
CIT-000373,Corazon P. Garcia,1954-01-30,Female,Single,Highway Hills,09115869380,corazon.garcia@example.net,2026-03-30T10:42:49,Pending Verification
CIT-000374,Bryan C. Domingo,1999-04-11,Male,Widowed,Pag-asa,09868793741,bryan.domingo@example.net,2025-06-04T01:06:18,Active
CIT-000375,Bryan C. Ramos,1973-05-28,Male,Single,Burol,09089899217,bryan.ramos33@example.net,2026-03-03T01:57:38,Active
CIT-000376,Marites R. Tolentino,1960-07-14,Female,Separated,Daang Bakal,09233206163,marites.tolentino28@example.org,2026-02-18T14:05:44,Active
CIT-000377,Angel S. Mendoza,2008-05-08,Female,Widowed,Namayan,09294511686,angel.mendoza83@example.org,2026-02-21T09:21:46,Active
CIT-000378,Paolo A. Gonzales,1982-07-12,Male,Widowed,Daang Bakal,09487099861,paolo.gonzales84@example.com,2025-07-28T19:36:44,Active
CIT-000379,Noel C. Bautista,1974-07-18,Male,Separated,Plainview,09299911914,noel.bautista@example.net,2025-06-10T11:25:49,Active
CIT-000380,Rowena M. Bermudez,2000-10-27,Female,Separated,Poblacion,09564679970,rowena.bermudez@example.org,2026-03-09T18:06:20,Active
CIT-000381,Vilma R. Rivera,1960-06-30,Female,Widowed,Barangka Itaas,09629960653,vilma.rivera@example.org,2025-07-08T11:53:47,Active
CIT-000382,Corazon R. Tan,1953-05-14,Female,Widowed,Pag-asa,09745054447,corazon.tan@example.org,2025-08-26T07:44:13,Active
CIT-000383,Charmaine D. Navarro,2000-04-14,Female,Widowed,New Zaniga,09132475469,charmaine.navarro38@example.com,2025-11-30T07:53:19,Active
CIT-000384,Eduardo R. Villanueva,1987-12-14,Male,Single,Plainview,09373678508,eduardo.villanueva49@example.org,2025-06-21T14:03:50,Inactive
CIT-000385,John N. Villanueva,1996-05-31,Male,Separated,New Zaniga,09148628902,john.villanueva@example.org,2026-05-01T12:15:50,Active
CIT-000386,Eduardo R. Navarro,1961-09-08,Male,Widowed,Pag-asa,09303070534,eduardo.navarro@example.org,2025-09-14T19:38:04,Active
CIT-000387,Danilo P. Flores,1971-11-15,Male,Single,Barangka Ilaya,09786103579,danilo.flores79@example.net,2025-11-14T08:33:31,Active
CIT-000388,Regina C. Santos,1976-05-19,Female,Married,Poblacion,09798552414,regina.santos@example.org,2026-03-21T12:30:07,Active
CIT-000389,Juan S. Santos,1952-02-06,Male,Married,Pleasant Hills,09029333346,juan.santos45@example.com,2025-07-10T11:28:48,Active
CIT-000390,Cristina C. Ocampo,1980-04-11,Female,Widowed,Hagdang Bato Itaas,09072290349,cristina.ocampo59@example.org,2026-05-11T10:41:16,Active
CIT-000391,Paolo R. Panganiban,1997-03-15,Male,Married,Barangka Itaas,09446657437,paolo.panganiban@example.com,2025-08-26T16:59:47,Active
CIT-000392,Miguel L. Reyes,1968-01-12,Male,Married,Barangka Ibaba,09896910858,miguel.reyes@example.org,2026-05-07T00:09:12,Active
CIT-000393,Arnel M. Bautista,1988-01-20,Male,Single,Bagong Silang,09944171545,arnel.bautista@example.org,2025-11-20T03:28:45,Active
CIT-000394,Cherry C. Aquino,2000-06-22,Female,Single,Hagdang Bato Itaas,09443283096,cherry.aquino@example.net,2025-12-19T15:48:12,Active
CIT-000395,Ronnel R. Mendoza,1988-10-26,Male,Single,Hagdang Bato Itaas,09207446660,ronnel.mendoza@example.org,2025-08-16T17:41:27,Active
CIT-000396,Perla V. Sarmiento,1984-04-28,Female,Widowed,Pleasant Hills,09935387584,perla.sarmiento53@example.com,2025-06-15T21:27:28,Active
CIT-000397,Nathaniel N. Lazaro,1999-07-18,Male,Married,Addition Hills,09824172482,nathaniel.lazaro@example.com,2026-04-20T23:05:52,Active
CIT-000398,Jasmin R. Garcia,2005-06-06,Female,Single,Poblacion,09513534655,jasmin.garcia@example.org,2026-02-05T19:49:27,Active
CIT-000399,Rowena B. Espiritu,1965-08-14,Female,Single,Wack-Wack Greenhills,09471709991,rowena.espiritu@example.org,2025-10-18T11:36:50,Active
CIT-000400,Charmaine M. Torres,1977-11-23,Female,Single,Addition Hills,09381684602,charmaine.torres@example.org,2025-10-17T10:34:00,Inactive
CIT-000401,Marites D. Garcia,1958-06-23,Female,Widowed,Barangka Itaas,09356972521,marites.garcia15@example.org,2025-11-24T21:25:08,Active
CIT-000402,Lourdes B. Lazaro,1978-10-15,Female,Married,Barangka Ibaba,09250074329,lourdes.lazaro@example.com,2025-07-10T20:50:46,Active
CIT-000403,Erlinda C. Sy,1994-11-06,Female,Married,Old Zaniga,09712966667,erlinda.sy49@example.net,2025-06-11T18:45:24,Inactive
CIT-000404,Eduardo T. Panganiban,1972-09-27,Male,Separated,Mabini-J. Rizal,09083505830,eduardo.panganiban@example.org,2026-02-09T22:57:58,Active
CIT-000405,Kevin S. Navarro,1989-10-04,Male,Single,Hulo,09335421689,kevin.navarro@example.org,2025-10-12T20:47:19,Active
CIT-000406,Jasmin B. Tan,1968-04-06,Female,Single,Pag-asa,09104478985,jasmin.tan21@example.org,2026-05-04T05:42:39,Active
CIT-000407,Karen N. Salazar,1975-08-30,Female,Widowed,Bagong Silang,09257532603,karen.salazar@example.net,2026-02-05T10:19:19,Active
CIT-000408,Antonio C. Espiritu,1963-07-09,Male,Separated,Barangka Drive,09230982150,antonio.espiritu64@example.org,2025-07-16T16:35:52,Pending Verification
CIT-000409,Mark B. Manalo,1972-04-08,Male,Single,Namayan,09489090100,mark.manalo@example.com,2026-04-04T02:07:30,Active
CIT-000410,Marites T. Robles,1990-07-07,Female,Married,Pag-asa,09676184723,marites.robles86@example.org,2025-10-19T16:46:02,Active
CIT-000411,Alvin N. Espiritu,1990-10-30,Male,Separated,Pleasant Hills,09046184992,alvin.espiritu85@example.net,2025-11-23T08:04:41,Active
CIT-000412,Juan R. Navarro,1974-10-19,Male,Widowed,Namayan,09189141173,juan.navarro67@example.net,2025-07-11T21:09:54,Active
CIT-000413,Eduardo B. Del Rosario,1985-10-30,Male,Single,Daang Bakal,09483564208,eduardo.rosario@example.com,2025-07-17T11:36:08,Inactive
CIT-000414,Josephine V. Espiritu,1979-04-19,Female,Widowed,Barangka Ibaba,09375300119,josephine.espiritu97@example.com,2026-05-26T10:57:18,Active
CIT-000415,Julius E. Custodio,1989-04-24,Male,Married,Malamig,09218114374,julius.custodio@example.net,2026-05-29T19:52:30,Active
CIT-000416,Vilma R. Robles,1965-10-29,Female,Married,Poblacion,09012045561,vilma.robles@example.org,2026-02-10T22:43:02,Active
CIT-000417,Divina B. Tolentino,1956-01-07,Female,Married,Daang Bakal,09002255794,divina.tolentino51@example.org,2025-11-23T10:59:52,Active
CIT-000418,Ronnel R. Chua,2001-06-17,Male,Widowed,Wack-Wack Greenhills,09155216674,ronnel.chua90@example.net,2026-03-13T17:49:03,Inactive
CIT-000419,Miguel P. Castillo,1998-12-24,Male,Widowed,Plainview,09762120216,miguel.castillo@example.net,2025-12-28T06:33:25,Active
CIT-000420,Lourdes R. Torres,2003-05-12,Female,Separated,New Zaniga,09797296590,lourdes.torres74@example.net,2026-03-18T00:48:42,Inactive
CIT-000421,Marites S. Alonzo,2000-07-15,Female,Single,Addition Hills,09277167014,marites.alonzo@example.com,2026-02-15T21:23:30,Active
CIT-000422,Fe P. Flores,1988-06-30,Female,Widowed,Barangka Ilaya,09089935889,fe.flores8@example.com,2026-03-20T06:10:28,Active
CIT-000423,Perla M. Custodio,1956-01-12,Female,Married,Poblacion,09375628900,perla.custodio83@example.com,2025-12-16T00:18:39,Active
CIT-000424,Lourdes T. Bautista,1987-10-29,Female,Separated,Hulo,09287721753,lourdes.bautista88@example.net,2025-06-21T11:38:34,Active
CIT-000425,Josephine D. Custodio,1969-09-13,Female,Widowed,San Jose,09408386631,josephine.custodio@example.net,2025-08-14T17:41:57,Active
CIT-000426,Kevin R. Ocampo,1977-02-18,Male,Married,Poblacion,09971775170,kevin.ocampo@example.org,2025-06-16T08:54:30,Active
CIT-000427,Jasmin L. Flores,1956-06-17,Female,Widowed,Addition Hills,09608801994,jasmin.flores43@example.net,2026-05-30T16:15:05,Active
CIT-000428,Emmanuel C. Aguilar,2002-02-18,Male,Single,San Jose,09837550375,emmanuel.aguilar81@example.org,2026-04-03T08:38:52,Active
CIT-000429,Grace S. Aguilar,1982-12-30,Female,Married,Barangka Itaas,09997571130,grace.aguilar@example.net,2025-08-01T11:36:38,Active
CIT-000430,Grace D. Rivera,1970-04-22,Female,Married,Plainview,09488510272,grace.rivera43@example.org,2025-09-22T14:28:52,Active
CIT-000431,Precious T. Santos,1998-03-05,Female,Widowed,Mabini-J. Rizal,09614933163,precious.santos@example.com,2026-02-20T16:00:35,Inactive
CIT-000432,Vilma T. Torres,1977-01-06,Female,Widowed,Namayan,09351609177,vilma.torres93@example.com,2026-05-20T12:26:11,Active
CIT-000433,Divina C. Robles,1988-09-12,Female,Separated,Bagong Silang,09827080869,divina.robles@example.org,2025-12-17T04:00:56,Active
CIT-000434,Carlo U. Uy,1978-07-08,Male,Single,Pag-asa,09829221699,carlo.uy@example.net,2026-01-31T01:40:12,Active
CIT-000435,Perla C. Mendoza,2001-09-14,Female,Separated,Pag-asa,09866934654,perla.mendoza@example.com,2025-11-25T22:27:33,Active
CIT-000436,Antonio B. Ocampo,1976-10-09,Male,Married,Vergara,09226984858,antonio.ocampo@example.net,2026-04-15T16:13:01,Active
CIT-000437,Charmaine C. Tolentino,1987-03-14,Female,Separated,Hulo,09339452288,charmaine.tolentino@example.org,2026-02-17T01:46:08,Active
CIT-000438,Bryan L. Ocampo,1990-10-11,Male,Single,Pleasant Hills,09515879968,bryan.ocampo10@example.net,2025-07-11T19:25:29,Active
CIT-000439,Kristine P. Garcia,1967-02-03,Female,Separated,Highway Hills,09608106200,kristine.garcia@example.org,2025-07-31T07:12:37,Active
CIT-000440,Vincent U. Manalo,1962-02-06,Male,Widowed,Pag-asa,09244204380,vincent.manalo19@example.net,2026-05-11T01:24:18,Inactive
CIT-000441,Maria T. Tan,1971-04-24,Female,Married,Barangka Ibaba,09719838638,maria.tan@example.net,2026-01-18T07:23:47,Active
CIT-000442,Christian R. Castillo,1995-12-31,Male,Married,Hulo,09406665800,christian.castillo@example.com,2025-08-11T01:06:23,Active
CIT-000443,Josephine R. Torres,1993-08-22,Female,Single,San Jose,09397359893,josephine.torres71@example.net,2025-12-31T01:24:55,Active
CIT-000444,Angelo V. Mendoza,1995-07-11,Male,Separated,Hagdang Bato Libis,09347212281,angelo.mendoza@example.net,2026-02-10T03:37:15,Active
CIT-000445,Kristine V. Ocampo,1972-05-20,Female,Widowed,Malamig,09648422940,kristine.ocampo58@example.net,2026-02-11T16:25:51,Active
CIT-000446,Danilo D. Sy,1969-09-05,Male,Widowed,Hulo,09202590947,danilo.sy@example.org,2025-09-04T04:41:18,Active
CIT-000447,Rowena D. Dela Cruz,1996-04-28,Female,Widowed,Malamig,09851583281,rowena.cruz60@example.org,2026-03-28T11:31:17,Active
CIT-000448,Carlo G. Chua,1996-02-10,Male,Widowed,Wack-Wack Greenhills,09268861533,carlo.chua@example.org,2026-03-12T11:18:04,Inactive
CIT-000449,Vincent R. Ocampo,1988-12-24,Male,Single,Wack-Wack Greenhills,09554398780,vincent.ocampo75@example.net,2025-08-22T05:14:35,Inactive
CIT-000450,Precious L. Uy,1957-02-28,Female,Married,Harapin Ang Bukas,09573993056,precious.uy@example.net,2026-03-12T08:20:21,Inactive
CIT-000451,Ferdinand R. Robles,2003-08-20,Male,Single,Highway Hills,09164840858,ferdinand.robles@example.net,2025-09-01T08:42:01,Active
CIT-000452,Julius D. Robles,1997-01-26,Male,Separated,Barangka Itaas,09770435811,julius.robles@example.net,2026-03-11T20:56:46,Active
CIT-000453,Ana P. Domingo,1960-03-20,Female,Married,Barangka Drive,09880133613,ana.domingo34@example.com,2025-06-17T05:10:24,Active
CIT-000454,Regina E. Lazaro,1981-09-12,Female,Single,Bagong Silang,09612075011,regina.lazaro84@example.com,2026-02-28T21:28:02,Pending Verification
CIT-000455,Perla L. Marquez,1953-08-27,Female,Married,Highway Hills,09481934667,perla.marquez84@example.org,2026-01-14T19:44:01,Active
CIT-000456,Manuel T. Marquez,1987-01-23,Male,Married,Mauway,09650618091,manuel.marquez52@example.org,2025-12-06T16:02:55,Active
CIT-000457,Manuel C. Del Rosario,1994-05-10,Male,Married,Burol,09901581449,manuel.rosario10@example.com,2025-07-28T22:30:43,Active
CIT-000458,Kristine D. Torres,1955-07-11,Female,Separated,Vergara,09766072832,kristine.torres@example.org,2026-02-17T19:45:51,Active
CIT-000459,Danilo B. Flores,1993-10-26,Male,Single,Burol,09842450882,danilo.flores@example.net,2026-01-16T15:15:01,Active
CIT-000460,Noel A. Sy,1957-08-27,Male,Single,Barangka Itaas,09099688143,noel.sy@example.net,2025-11-05T01:17:48,Active
CIT-000461,Noel G. Pascual,1993-11-28,Male,Married,Mabini-J. Rizal,09536822239,noel.pascual78@example.org,2025-08-05T19:58:03,Active
CIT-000462,Kristine L. Aquino,1998-12-04,Female,Married,Old Zaniga,09312908781,kristine.aquino85@example.com,2026-03-08T20:04:48,Active
CIT-000463,Kristine O. Lim,1967-05-14,Female,Married,Highway Hills,09141397552,kristine.lim@example.com,2025-06-07T00:32:41,Active
CIT-000464,Perla C. Aquino,1989-06-11,Female,Single,Barangka Itaas,09314913577,perla.aquino@example.net,2025-12-13T01:32:17,Active
CIT-000465,Eduardo C. Del Rosario,1969-07-21,Male,Single,San Jose,09492995562,eduardo.rosario87@example.net,2025-11-10T23:13:45,Active
CIT-000466,Nathaniel A. Sarmiento,1950-10-15,Male,Married,Vergara,09336452577,nathaniel.sarmiento62@example.org,2026-01-15T08:29:45,Active
CIT-000467,Ronnel M. Del Rosario,1976-05-03,Male,Separated,San Jose,09478129142,ronnel.rosario@example.org,2026-01-18T22:39:31,Inactive
CIT-000468,Rowena S. Villanueva,2002-03-16,Female,Single,New Zaniga,09341108099,rowena.villanueva@example.net,2025-06-03T09:13:24,Active
CIT-000469,Nathaniel B. Aguilar,1974-01-02,Male,Widowed,Barangka Ibaba,09930848872,nathaniel.aguilar20@example.net,2026-01-13T22:12:56,Active
CIT-000470,Angel G. Dela Cruz,1971-09-22,Female,Separated,San Jose,09394278816,angel.cruz27@example.net,2026-03-31T23:36:27,Active
CIT-000471,Ramon T. Tan,1971-08-12,Male,Separated,Daang Bakal,09039282722,ramon.tan40@example.net,2025-11-02T05:00:29,Active
CIT-000472,Vincent C. Domingo,1983-05-11,Male,Married,Barangka Ibaba,09927503731,vincent.domingo28@example.org,2026-04-07T14:40:04,Active
CIT-000473,Carlo S. Tolentino,1965-11-03,Male,Single,Wack-Wack Greenhills,09303856770,carlo.tolentino19@example.net,2025-11-16T16:10:54,Active
CIT-000474,Michelle G. Dela Cruz,1952-10-27,Female,Single,Poblacion,09518449892,michelle.cruz50@example.net,2026-02-10T10:09:59,Active
CIT-000475,Julius P. Ramos,1972-05-09,Male,Separated,Addition Hills,09659184638,julius.ramos26@example.com,2025-06-13T15:25:54,Active
CIT-000476,Arnel C. Flores,1974-01-17,Male,Widowed,Burol,09577908272,arnel.flores@example.com,2025-07-04T07:36:13,Pending Verification
CIT-000477,Jennylyn M. Manalo,1963-11-06,Female,Married,Mauway,09843222591,jennylyn.manalo@example.com,2025-12-31T00:44:41,Active
CIT-000478,Jennylyn D. Gonzales,1988-11-07,Female,Married,Mabini-J. Rizal,09651777392,jennylyn.gonzales@example.org,2025-08-07T13:36:44,Active
CIT-000479,Renato R. Ocampo,1988-01-19,Male,Widowed,Hagdang Bato Libis,09603029922,renato.ocampo15@example.net,2026-04-12T09:15:09,Active
CIT-000480,Lourdes T. Custodio,1987-01-08,Female,Separated,San Jose,09092024286,lourdes.custodio32@example.org,2026-02-20T07:05:34,Active
CIT-000481,Eduardo M. Torres,1985-04-09,Male,Single,Highway Hills,09904137977,eduardo.torres@example.net,2026-02-27T21:36:17,Active
CIT-000482,Charmaine S. Rivera,1960-05-26,Female,Single,Pleasant Hills,09692929842,charmaine.rivera@example.org,2025-07-06T17:04:50,Active
CIT-000483,Grace R. Tan,1992-07-05,Female,Separated,Hagdang Bato Libis,09579913662,grace.tan@example.net,2025-09-13T02:08:17,Active
CIT-000484,Eduardo S. Villanueva,1956-10-21,Male,Married,Daang Bakal,09388629127,eduardo.villanueva@example.com,2026-04-20T20:22:45,Active
CIT-000485,Jasmin T. Mendoza,2002-10-20,Female,Single,Plainview,09908811729,jasmin.mendoza85@example.net,2025-06-03T03:54:25,Active
CIT-000486,Alvin D. Lazaro,1981-10-14,Male,Widowed,Malamig,09068650863,alvin.lazaro74@example.org,2025-08-10T14:39:33,Pending Verification
CIT-000487,Regina S. Domingo,2004-12-08,Female,Married,Bagong Silang,09765991624,regina.domingo68@example.org,2026-05-31T12:23:02,Active
CIT-000488,Regina E. Ramos,1978-03-08,Female,Single,Pleasant Hills,09314986430,regina.ramos67@example.org,2026-02-23T06:04:40,Active
CIT-000489,Ricardo M. Lim,1991-08-22,Male,Widowed,Harapin Ang Bukas,09098180635,ricardo.lim79@example.com,2025-12-30T15:09:05,Active
CIT-000490,Cherry D. Navarro,1974-03-22,Female,Married,Malamig,09126944869,cherry.navarro@example.org,2026-02-27T17:17:06,Active
CIT-000491,Jocelyn G. Manalo,1971-09-19,Female,Separated,Barangka Itaas,09463688725,jocelyn.manalo@example.net,2026-02-22T00:15:52,Active
CIT-000492,Vincent S. Gonzales,1982-12-08,Male,Separated,Highway Hills,09744956213,vincent.gonzales@example.net,2025-07-28T16:03:32,Active
CIT-000493,Carlo P. Bermudez,1976-05-30,Male,Married,Pag-asa,09213865890,carlo.bermudez67@example.org,2025-09-25T02:41:28,Active
CIT-000494,Ricardo F. Mendoza,1959-10-31,Male,Single,Buayang Bato,09012796114,ricardo.mendoza33@example.net,2025-07-07T23:46:07,Active
CIT-000495,Rowena D. Dela Cruz,1963-05-16,Female,Widowed,Harapin Ang Bukas,09190669849,rowena.cruz3@example.com,2025-10-14T22:34:13,Inactive
CIT-000496,Danilo U. Sy,1953-11-03,Male,Married,San Jose,09277038430,danilo.sy37@example.org,2026-02-17T00:46:55,Active
CIT-000497,Marites T. Garcia,1995-12-24,Female,Widowed,Mabini-J. Rizal,09883920530,marites.garcia@example.com,2026-02-04T08:48:51,Active
CIT-000498,Charmaine M. Sy,2007-02-05,Female,Single,Barangka Drive,09146566938,charmaine.sy21@example.com,2025-09-30T08:02:04,Active
CIT-000499,Lourdes C. Gonzales,1951-05-26,Female,Separated,Daang Bakal,09118489554,lourdes.gonzales57@example.net,2026-01-14T12:39:31,Active
CIT-000500,Charmaine R. Flores,1963-08-20,Female,Single,Barangka Ilaya,09376904268,charmaine.flores@example.net,2025-09-06T07:41:24,Inactive
CIT-000501,Miguel M. Flores,1956-09-06,Male,Single,Barangka Ibaba,09184518489,miguel.flores9@example.net,2025-06-21T11:51:34,Active
CIT-000502,Divina M. Garcia,1965-01-06,Female,Widowed,Old Zaniga,09769735779,divina.garcia@example.net,2026-05-28T09:12:51,Inactive
CIT-000503,Michelle P. Salazar,2000-07-03,Female,Separated,Pag-asa,09714163356,michelle.salazar@example.net,2026-04-22T05:43:19,Active
CIT-000504,Kevin A. Rivera,2005-12-04,Male,Separated,Mabini-J. Rizal,09880434165,kevin.rivera70@example.net,2025-11-20T08:25:31,Active
CIT-000505,Danilo E. Chua,1954-12-01,Male,Separated,Mauway,09275539423,danilo.chua82@example.org,2025-12-04T15:29:20,Active
CIT-000506,Ferdinand D. Fernandez,1979-06-14,Male,Separated,Daang Bakal,09333433339,ferdinand.fernandez20@example.com,2025-05-31T15:01:50,Active
CIT-000507,Ramon L. Pascual,1971-02-27,Male,Single,Pleasant Hills,09111790807,ramon.pascual63@example.org,2025-06-04T03:17:31,Active
CIT-000508,Kristine S. Domingo,1972-01-14,Female,Widowed,Buayang Bato,09579472846,kristine.domingo53@example.org,2025-09-05T15:22:14,Active
CIT-000509,Perla D. Tolentino,1963-05-23,Female,Widowed,Barangka Drive,09920867808,perla.tolentino@example.net,2026-03-24T12:11:00,Active
CIT-000510,Liza G. Uy,1970-08-26,Female,Separated,Buayang Bato,09271875003,liza.uy@example.com,2025-09-21T01:23:37,Active
CIT-000511,Kristine G. Custodio,1972-07-07,Female,Separated,Buayang Bato,09155942843,kristine.custodio@example.com,2025-06-19T20:46:27,Pending Verification
CIT-000512,Carlo P. Mendoza,1966-02-18,Male,Widowed,Barangka Ilaya,09955276365,carlo.mendoza92@example.net,2025-06-03T18:38:15,Active
CIT-000513,Juan C. Panganiban,1971-09-07,Male,Widowed,Hulo,09647292931,juan.panganiban40@example.org,2025-11-27T16:01:20,Active
CIT-000514,Paolo A. Garcia,1992-04-25,Male,Single,Daang Bakal,09386632270,paolo.garcia@example.net,2025-11-30T04:15:20,Active
CIT-000515,Perla S. Tolentino,1960-10-01,Female,Single,San Jose,09728857448,perla.tolentino@example.org,2026-03-27T02:30:39,Pending Verification
CIT-000516,Vincent V. Cruz,2000-04-20,Male,Separated,Poblacion,09061203471,vincent.cruz@example.net,2026-02-14T05:48:48,Pending Verification
CIT-000517,Regina A. Fernandez,1976-08-07,Female,Married,Pag-asa,09545588450,regina.fernandez@example.net,2026-05-30T15:33:58,Active
CIT-000518,Angelo F. Lazaro,1974-05-23,Male,Married,Harapin Ang Bukas,09593998245,angelo.lazaro@example.com,2025-08-31T05:31:51,Active
CIT-000519,Maria G. Flores,1969-05-13,Female,Single,Highway Hills,09877169472,maria.flores@example.com,2026-01-12T06:12:01,Active
CIT-000520,Lourdes A. Chua,2000-11-13,Female,Widowed,San Jose,09569961125,lourdes.chua@example.com,2025-12-11T17:45:17,Active
